batch,body_bytes,crc,datagram_bytes,elapsed_ns,fixture,format,iterations,kind,ns_per_operation,operation
0,50,off,50,4165946,status_publication_fault,csv,10000,21,416.5946,encode
0,50,off,50,173622155,status_publication_fault,csv,10000,21,17362.2155,decode
1,50,off,50,183389931,status_publication_fault,csv,10000,21,18338.9931,decode
1,50,off,50,5345293,status_publication_fault,csv,10000,21,534.5293,encode
2,50,off,50,5687317,status_publication_fault,csv,10000,21,568.7317,encode
2,50,off,50,186646438,status_publication_fault,csv,10000,21,18664.6438,decode
3,50,off,50,181486828,status_publication_fault,csv,10000,21,18148.6828,decode
3,50,off,50,4524655,status_publication_fault,csv,10000,21,452.4655,encode
4,50,off,50,4860359,status_publication_fault,csv,10000,21,486.0359,encode
4,50,off,50,175553960,status_publication_fault,csv,10000,21,17555.396,decode
5,50,off,50,177196339,status_publication_fault,csv,10000,21,17719.6339,decode
5,50,off,50,4127890,status_publication_fault,csv,10000,21,412.789,encode
6,50,off,50,4353722,status_publication_fault,csv,10000,21,435.3722,encode
6,50,off,50,176003879,status_publication_fault,csv,10000,21,17600.3879,decode
7,50,off,50,206299235,status_publication_fault,csv,10000,21,20629.9235,decode
7,50,off,50,4235984,status_publication_fault,csv,10000,21,423.5984,encode
8,50,off,50,4627983,status_publication_fault,csv,10000,21,462.7983,encode
8,50,off,50,172806496,status_publication_fault,csv,10000,21,17280.6496,decode
0,44,off,44,823266,status_publication_fault,protobuf,10000,21,82.3266,encode
0,44,off,44,1524130,status_publication_fault,protobuf,10000,21,152.413,decode
1,44,off,44,1657047,status_publication_fault,protobuf,10000,21,165.7047,decode
1,44,off,44,787442,status_publication_fault,protobuf,10000,21,78.7442,encode
2,44,off,44,816535,status_publication_fault,protobuf,10000,21,81.6535,encode
2,44,off,44,1610148,status_publication_fault,protobuf,10000,21,161.0148,decode
3,44,off,44,1718437,status_publication_fault,protobuf,10000,21,171.8437,decode
3,44,off,44,1000938,status_publication_fault,protobuf,10000,21,100.0938,encode
4,44,off,44,977644,status_publication_fault,protobuf,10000,21,97.7644,encode
4,44,off,44,1566744,status_publication_fault,protobuf,10000,21,156.6744,decode
5,44,off,44,1737705,status_publication_fault,protobuf,10000,21,173.7705,decode
5,44,off,44,866710,status_publication_fault,protobuf,10000,21,86.671,encode
6,44,off,44,951665,status_publication_fault,protobuf,10000,21,95.1665,encode
6,44,off,44,1646652,status_publication_fault,protobuf,10000,21,164.6652,decode
7,44,off,44,1590509,status_publication_fault,protobuf,10000,21,159.0509,decode
7,44,off,44,1024783,status_publication_fault,protobuf,10000,21,102.4783,encode
8,44,off,44,1030942,status_publication_fault,protobuf,10000,21,103.0942,encode
8,44,off,44,2639136,status_publication_fault,protobuf,10000,21,263.9136,decode
0,60,off,60,1170398,error_response,protobuf,10000,14,117.0398,encode
0,60,off,60,2724673,error_response,protobuf,10000,14,272.4673,decode
1,60,off,60,1883591,error_response,protobuf,10000,14,188.3591,decode
1,60,off,60,992936,error_response,protobuf,10000,14,99.2936,encode
2,60,off,60,1036170,error_response,protobuf,10000,14,103.617,encode
2,60,off,60,1986603,error_response,protobuf,10000,14,198.6603,decode
3,60,off,60,1886445,error_response,protobuf,10000,14,188.6445,decode
3,60,off,60,1192270,error_response,protobuf,10000,14,119.227,encode
4,60,off,60,976572,error_response,protobuf,10000,14,97.6572,encode
4,60,off,60,1954776,error_response,protobuf,10000,14,195.4776,decode
5,60,off,60,1914217,error_response,protobuf,10000,14,191.4217,decode
5,60,off,60,1002129,error_response,protobuf,10000,14,100.2129,encode
6,60,off,60,989511,error_response,protobuf,10000,14,98.9511,encode
6,60,off,60,1804704,error_response,protobuf,10000,14,180.4704,decode
7,60,off,60,1939844,error_response,protobuf,10000,14,193.9844,decode
7,60,off,60,974389,error_response,protobuf,10000,14,97.4389,encode
8,60,off,60,1045754,error_response,protobuf,10000,14,104.5754,encode
8,60,off,60,1842120,error_response,protobuf,10000,14,184.212,decode
0,60,on,68,2707027,error_response,protobuf,10000,14,270.7027,encode
0,60,on,68,3647075,error_response,protobuf,10000,14,364.7075,decode
1,60,on,68,3403185,error_response,protobuf,10000,14,340.3185,decode
1,60,on,68,2318263,error_response,protobuf,10000,14,231.8263,encode
2,60,on,68,2270412,error_response,protobuf,10000,14,227.0412,encode
2,60,on,68,3073488,error_response,protobuf,10000,14,307.3488,decode
3,60,on,68,3514999,error_response,protobuf,10000,14,351.4999,decode
3,60,on,68,3091765,error_response,protobuf,10000,14,309.1765,encode
4,60,on,68,2209983,error_response,protobuf,10000,14,220.9983,encode
4,60,on,68,2972739,error_response,protobuf,10000,14,297.2739,decode
5,60,on,68,3005177,error_response,protobuf,10000,14,300.5177,decode
5,60,on,68,2159418,error_response,protobuf,10000,14,215.9418,encode
6,60,on,68,3153216,error_response,protobuf,10000,14,315.3216,encode
6,60,on,68,3092677,error_response,protobuf,10000,14,309.2677,decode
7,60,on,68,2985277,error_response,protobuf,10000,14,298.5277,decode
7,60,on,68,2170525,error_response,protobuf,10000,14,217.0525,encode
8,60,on,68,2212076,error_response,protobuf,10000,14,221.2076,encode
8,60,on,68,3120607,error_response,protobuf,10000,14,312.0607,decode
0,182,off,182,4027857,status_publication_zero,json,10000,21,402.7857,encode
0,182,off,182,7064431,status_publication_zero,json,10000,21,706.4431,decode
1,182,off,182,7710574,status_publication_zero,json,10000,21,771.0574,decode
1,182,off,182,3071696,status_publication_zero,json,10000,21,307.1696,encode
2,182,off,182,2896917,status_publication_zero,json,10000,21,289.6917,encode
2,182,off,182,6529280,status_publication_zero,json,10000,21,652.928,decode
3,182,off,182,7425223,status_publication_zero,json,10000,21,742.5223,decode
3,182,off,182,2915785,status_publication_zero,json,10000,21,291.5785,encode
4,182,off,182,3106747,status_publication_zero,json,10000,21,310.6747,encode
4,182,off,182,9685239,status_publication_zero,json,10000,21,968.5239,decode
5,182,off,182,6671860,status_publication_zero,json,10000,21,667.186,decode
5,182,off,182,2941974,status_publication_zero,json,10000,21,294.1974,encode
6,182,off,182,2982133,status_publication_zero,json,10000,21,298.2133,encode
6,182,off,182,6512234,status_publication_zero,json,10000,21,651.2234,decode
7,182,off,182,6465966,status_publication_zero,json,10000,21,646.5966,decode
7,182,off,182,2915474,status_publication_zero,json,10000,21,291.5474,encode
8,182,off,182,2919310,status_publication_zero,json,10000,21,291.931,encode
8,182,off,182,6447029,status_publication_zero,json,10000,21,644.7029,decode
0,84,on,92,5956684,device_info_escaping,csv,10000,11,595.6684,encode
0,84,on,92,156070497,device_info_escaping,csv,10000,11,15607.0497,decode
1,84,on,92,170432814,device_info_escaping,csv,10000,11,17043.2814,decode
1,84,on,92,6817413,device_info_escaping,csv,10000,11,681.7413,encode
2,84,on,92,6368932,device_info_escaping,csv,10000,11,636.8932,encode
2,84,on,92,162348824,device_info_escaping,csv,10000,11,16234.8824,decode
3,84,on,92,165893886,device_info_escaping,csv,10000,11,16589.3886,decode
3,84,on,92,6960203,device_info_escaping,csv,10000,11,696.0203,encode
4,84,on,92,6508268,device_info_escaping,csv,10000,11,650.8268,encode
4,84,on,92,158821277,device_info_escaping,csv,10000,11,15882.1277,decode
5,84,on,92,167229203,device_info_escaping,csv,10000,11,16722.9203,decode
5,84,on,92,6158673,device_info_escaping,csv,10000,11,615.8673,encode
6,84,on,92,5935334,device_info_escaping,csv,10000,11,593.5334,encode
6,84,on,92,155895848,device_info_escaping,csv,10000,11,15589.5848,decode
7,84,on,92,170893932,device_info_escaping,csv,10000,11,17089.3932,decode
7,84,on,92,6483912,device_info_escaping,csv,10000,11,648.3912,encode
8,84,on,92,6659301,device_info_escaping,csv,10000,11,665.9301,encode
8,84,on,92,164354659,device_info_escaping,csv,10000,11,16435.4659,decode
0,121,on,129,5542596,get_status,json,10000,2,554.2596,encode
0,121,on,129,8389979,get_status,json,10000,2,838.9979,decode
1,121,on,129,7705762,get_status,json,10000,2,770.5762,decode
1,121,on,129,5078101,get_status,json,10000,2,507.8101,encode
2,121,on,129,5445562,get_status,json,10000,2,544.5562,encode
2,121,on,129,7507880,get_status,json,10000,2,750.788,decode
3,121,on,129,7320985,get_status,json,10000,2,732.0985,decode
3,121,on,129,5437621,get_status,json,10000,2,543.7621,encode
4,121,on,129,5283935,get_status,json,10000,2,528.3935,encode
4,121,on,129,7398809,get_status,json,10000,2,739.8809,decode
5,121,on,129,7502052,get_status,json,10000,2,750.2052,decode
5,121,on,129,8743190,get_status,json,10000,2,874.319,encode
6,121,on,129,7145927,get_status,json,10000,2,714.5927,encode
6,121,on,129,8296082,get_status,json,10000,2,829.6082,decode
7,121,on,129,8801816,get_status,json,10000,2,880.1816,decode
7,121,on,129,5380987,get_status,json,10000,2,538.0987,encode
8,121,on,129,5011072,get_status,json,10000,2,501.1072,encode
8,121,on,129,8023971,get_status,json,10000,2,802.3971,decode
0,36,on,44,4064988,get_device_info,csv,10000,1,406.4988,encode
0,36,on,44,156138225,get_device_info,csv,10000,1,15613.8225,decode
1,36,on,44,159588317,get_device_info,csv,10000,1,15958.8317,decode
1,36,on,44,4201159,get_device_info,csv,10000,1,420.1159,encode
2,36,on,44,4116715,get_device_info,csv,10000,1,411.6715,encode
2,36,on,44,162724567,get_device_info,csv,10000,1,16272.4567,decode
3,36,on,44,155406937,get_device_info,csv,10000,1,15540.6937,decode
3,36,on,44,4086780,get_device_info,csv,10000,1,408.678,encode
4,36,on,44,4325262,get_device_info,csv,10000,1,432.5262,encode
4,36,on,44,154113793,get_device_info,csv,10000,1,15411.3793,decode
5,36,on,44,172564543,get_device_info,csv,10000,1,17256.4543,decode
5,36,on,44,4112499,get_device_info,csv,10000,1,411.2499,encode
6,36,on,44,5730772,get_device_info,csv,10000,1,573.0772,encode
6,36,on,44,177964308,get_device_info,csv,10000,1,17796.4308,decode
7,36,on,44,157417619,get_device_info,csv,10000,1,15741.7619,decode
7,36,on,44,4136153,get_device_info,csv,10000,1,413.6153,encode
8,36,on,44,4112137,get_device_info,csv,10000,1,411.2137,encode
8,36,on,44,153396015,get_device_info,csv,10000,1,15339.6015,decode
0,194,off,194,3779788,status_response_unavailable,json,10000,12,377.9788,encode
0,194,off,194,7193978,status_response_unavailable,json,10000,12,719.3978,decode
1,194,off,194,6962647,status_response_unavailable,json,10000,12,696.2647,decode
1,194,off,194,3574986,status_response_unavailable,json,10000,12,357.4986,encode
2,194,off,194,3884433,status_response_unavailable,json,10000,12,388.4433,encode
2,194,off,194,7433941,status_response_unavailable,json,10000,12,743.3941,decode
3,194,off,194,7490334,status_response_unavailable,json,10000,12,749.0334,decode
3,194,off,194,4155792,status_response_unavailable,json,10000,12,415.5792,encode
4,194,off,194,3851740,status_response_unavailable,json,10000,12,385.174,encode
4,194,off,194,11455606,status_response_unavailable,json,10000,12,1145.5606,decode
5,194,off,194,8554562,status_response_unavailable,json,10000,12,855.4562,decode
5,194,off,194,4152317,status_response_unavailable,json,10000,12,415.2317,encode
6,194,off,194,4285554,status_response_unavailable,json,10000,12,428.5554,encode
6,194,off,194,10331220,status_response_unavailable,json,10000,12,1033.122,decode
7,194,off,194,8089788,status_response_unavailable,json,10000,12,808.9788,decode
7,194,off,194,4100110,status_response_unavailable,json,10000,12,410.011,encode
8,194,off,194,4197043,status_response_unavailable,json,10000,12,419.7043,encode
8,194,off,194,8807826,status_response_unavailable,json,10000,12,880.7826,decode
0,50,on,58,5671856,status_publication_fault,csv,10000,21,567.1856,encode
0,50,on,58,191860029,status_publication_fault,csv,10000,21,19186.0029,decode
1,50,on,58,214595581,status_publication_fault,csv,10000,21,21459.5581,decode
1,50,on,58,6138502,status_publication_fault,csv,10000,21,613.8502,encode
2,50,on,58,5671535,status_publication_fault,csv,10000,21,567.1535,encode
2,50,on,58,189975678,status_publication_fault,csv,10000,21,18997.5678,decode
3,50,on,58,186904128,status_publication_fault,csv,10000,21,18690.4128,decode
3,50,on,58,5170026,status_publication_fault,csv,10000,21,517.0026,encode
4,50,on,58,5445322,status_publication_fault,csv,10000,21,544.5322,encode
4,50,on,58,177005895,status_publication_fault,csv,10000,21,17700.5895,decode
5,50,on,58,167593199,status_publication_fault,csv,10000,21,16759.3199,decode
5,50,on,58,4972926,status_publication_fault,csv,10000,21,497.2926,encode
6,50,on,58,5107153,status_publication_fault,csv,10000,21,510.7153,encode
6,50,on,58,170269471,status_publication_fault,csv,10000,21,17026.9471,decode
7,50,on,58,165236568,status_publication_fault,csv,10000,21,16523.6568,decode
7,50,on,58,4922661,status_publication_fault,csv,10000,21,492.2661,encode
8,50,on,58,5158329,status_publication_fault,csv,10000,21,515.8329,encode
8,50,on,58,161958389,status_publication_fault,csv,10000,21,16195.8389,decode
0,54,on,62,6275805,status_publication_valid,csv,10000,21,627.5805,encode
0,54,on,62,162241074,status_publication_valid,csv,10000,21,16224.1074,decode
1,54,on,62,155513905,status_publication_valid,csv,10000,21,15551.3905,decode
1,54,on,62,5903287,status_publication_valid,csv,10000,21,590.3287,encode
2,54,on,62,5530027,status_publication_valid,csv,10000,21,553.0027,encode
2,54,on,62,157539690,status_publication_valid,csv,10000,21,15753.969,decode
3,54,on,62,161301250,status_publication_valid,csv,10000,21,16130.125,decode
3,54,on,62,5600480,status_publication_valid,csv,10000,21,560.048,encode
4,54,on,62,5398043,status_publication_valid,csv,10000,21,539.8043,encode
4,54,on,62,162149240,status_publication_valid,csv,10000,21,16214.924,decode
5,54,on,62,154787335,status_publication_valid,csv,10000,21,15478.7335,decode
5,54,on,62,5786845,status_publication_valid,csv,10000,21,578.6845,encode
6,54,on,62,5620621,status_publication_valid,csv,10000,21,562.0621,encode
6,54,on,62,158304356,status_publication_valid,csv,10000,21,15830.4356,decode
7,54,on,62,158047507,status_publication_valid,csv,10000,21,15804.7507,decode
7,54,on,62,5592018,status_publication_valid,csv,10000,21,559.2018,encode
8,54,on,62,5395077,status_publication_valid,csv,10000,21,539.5077,encode
8,54,on,62,156134289,status_publication_valid,csv,10000,21,15613.4289,decode
0,182,on,190,7263700,status_publication_zero,json,10000,21,726.37,encode
0,182,on,190,10636570,status_publication_zero,json,10000,21,1063.657,decode
1,182,on,190,10710558,status_publication_zero,json,10000,21,1071.0558,decode
1,182,on,190,6860597,status_publication_zero,json,10000,21,686.0597,encode
2,182,on,190,6932292,status_publication_zero,json,10000,21,693.2292,encode
2,182,on,190,12669604,status_publication_zero,json,10000,21,1266.9604,decode
3,182,on,190,10886187,status_publication_zero,json,10000,21,1088.6187,decode
3,182,on,190,7050667,status_publication_zero,json,10000,21,705.0667,encode
4,182,on,190,7725551,status_publication_zero,json,10000,21,772.5551,encode
4,182,on,190,10941228,status_publication_zero,json,10000,21,1094.1228,decode
5,182,on,190,10414682,status_publication_zero,json,10000,21,1041.4682,decode
5,182,on,190,7608509,status_publication_zero,json,10000,21,760.8509,encode
6,182,on,190,7381995,status_publication_zero,json,10000,21,738.1995,encode
6,182,on,190,10937193,status_publication_zero,json,10000,21,1093.7193,decode
7,182,on,190,10742484,status_publication_zero,json,10000,21,1074.2484,decode
7,182,on,190,7277220,status_publication_zero,json,10000,21,727.722,encode
8,182,on,190,7038709,status_publication_zero,json,10000,21,703.8709,encode
8,182,on,190,11700496,status_publication_zero,json,10000,21,1170.0496,decode
0,72,off,72,1049066,device_info,protobuf,10000,11,104.9066,encode
0,72,off,72,1994018,device_info,protobuf,10000,11,199.4018,decode
1,72,off,72,1944745,device_info,protobuf,10000,11,194.4745,decode
1,72,off,72,1001365,device_info,protobuf,10000,11,100.1365,encode
2,72,off,72,1010849,device_info,protobuf,10000,11,101.0849,encode
2,72,off,72,2087876,device_info,protobuf,10000,11,208.7876,decode
3,72,off,72,2229164,device_info,protobuf,10000,11,222.9164,decode
3,72,off,72,996988,device_info,protobuf,10000,11,99.6988,encode
4,72,off,72,1069435,device_info,protobuf,10000,11,106.9435,encode
4,72,off,72,1901841,device_info,protobuf,10000,11,190.1841,decode
5,72,off,72,1838689,device_info,protobuf,10000,11,183.8689,decode
5,72,off,72,999672,device_info,protobuf,10000,11,99.9672,encode
6,72,off,72,1009687,device_info,protobuf,10000,11,100.9687,encode
6,72,off,72,1882553,device_info,protobuf,10000,11,188.2553,decode
7,72,off,72,1856905,device_info,protobuf,10000,11,185.6905,decode
7,72,off,72,1001065,device_info,protobuf,10000,11,100.1065,encode
8,72,off,72,996298,device_info,protobuf,10000,11,99.6298,encode
8,72,off,72,1891247,device_info,protobuf,10000,11,189.1247,decode
0,194,on,202,7861802,status_response_unavailable,json,10000,12,786.1802,encode
0,194,on,202,13648386,status_response_unavailable,json,10000,12,1364.8386,decode
1,194,on,202,11712914,status_response_unavailable,json,10000,12,1171.2914,decode
1,194,on,202,8076799,status_response_unavailable,json,10000,12,807.6799,encode
2,194,on,202,7996790,status_response_unavailable,json,10000,12,799.679,encode
2,194,on,202,11527712,status_response_unavailable,json,10000,12,1152.7712,decode
3,194,on,202,11866010,status_response_unavailable,json,10000,12,1186.601,decode
3,194,on,202,8135796,status_response_unavailable,json,10000,12,813.5796,encode
4,194,on,202,7804567,status_response_unavailable,json,10000,12,780.4567,encode
4,194,on,202,11100453,status_response_unavailable,json,10000,12,1110.0453,decode
5,194,on,202,11072662,status_response_unavailable,json,10000,12,1107.2662,decode
5,194,on,202,8080143,status_response_unavailable,json,10000,12,808.0143,encode
6,194,on,202,7973156,status_response_unavailable,json,10000,12,797.3156,encode
6,194,on,202,11156646,status_response_unavailable,json,10000,12,1115.6646,decode
7,194,on,202,11166410,status_response_unavailable,json,10000,12,1116.641,decode
7,194,on,202,8164347,status_response_unavailable,json,10000,12,816.4347,encode
8,194,on,202,8006805,status_response_unavailable,json,10000,12,800.6805,encode
8,194,on,202,11465391,status_response_unavailable,json,10000,12,1146.5391,decode
0,68,on,76,6243287,health_response,csv,10000,13,624.3287,encode
0,68,on,76,159903281,health_response,csv,10000,13,15990.3281,decode
1,68,on,76,155789530,health_response,csv,10000,13,15578.953,decode
1,68,on,76,6298619,health_response,csv,10000,13,629.8619,encode
2,68,on,76,6158462,health_response,csv,10000,13,615.8462,encode
2,68,on,76,156413074,health_response,csv,10000,13,15641.3074,decode
3,68,on,76,162251323,health_response,csv,10000,13,16225.1323,decode
3,68,on,76,6629916,health_response,csv,10000,13,662.9916,encode
4,68,on,76,6406357,health_response,csv,10000,13,640.6357,encode
4,68,on,76,164669005,health_response,csv,10000,13,16466.9005,decode
5,68,on,76,170557489,health_response,csv,10000,13,17055.7489,decode
5,68,on,76,14438017,health_response,csv,10000,13,1443.8017,encode
6,68,on,76,6374930,health_response,csv,10000,13,637.493,encode
6,68,on,76,163729009,health_response,csv,10000,13,16372.9009,decode
7,68,on,76,180850956,health_response,csv,10000,13,18085.0956,decode
7,68,on,76,6666069,health_response,csv,10000,13,666.6069,encode
8,68,on,76,11404599,health_response,csv,10000,13,1140.4599,encode
8,68,on,76,173992755,health_response,csv,10000,13,17399.2755,decode
0,226,off,226,5239027,device_info_escaping,json,10000,11,523.9027,encode
0,226,off,226,10520708,device_info_escaping,json,10000,11,1052.0708,decode
1,226,off,226,10281255,device_info_escaping,json,10000,11,1028.1255,decode
1,226,off,226,4498116,device_info_escaping,json,10000,11,449.8116,encode
2,226,off,226,4694486,device_info_escaping,json,10000,11,469.4486,encode
2,226,off,226,10071326,device_info_escaping,json,10000,11,1007.1326,decode
3,226,off,226,10279763,device_info_escaping,json,10000,11,1027.9763,decode
3,226,off,226,5479492,device_info_escaping,json,10000,11,547.9492,encode
4,226,off,226,4857626,device_info_escaping,json,10000,11,485.7626,encode
4,226,off,226,10269688,device_info_escaping,json,10000,11,1026.9688,decode
5,226,off,226,9778394,device_info_escaping,json,10000,11,977.8394,decode
5,226,off,226,4546697,device_info_escaping,json,10000,11,454.6697,encode
6,226,off,226,4638844,device_info_escaping,json,10000,11,463.8844,encode
6,226,off,226,9695412,device_info_escaping,json,10000,11,969.5412,decode
7,226,off,226,9754739,device_info_escaping,json,10000,11,975.4739,decode
7,226,off,226,5465981,device_info_escaping,json,10000,11,546.5981,encode
8,226,off,226,4696288,device_info_escaping,json,10000,11,469.6288,encode
8,226,off,226,10114769,device_info_escaping,json,10000,11,1011.4769,decode
0,126,on,134,5756639,get_device_info,json,10000,1,575.6639,encode
0,126,on,134,7915419,get_device_info,json,10000,1,791.5419,decode
1,126,on,134,7965554,get_device_info,json,10000,1,796.5554,decode
1,126,on,134,5810469,get_device_info,json,10000,1,581.0469,encode
2,126,on,134,5346005,get_device_info,json,10000,1,534.6005,encode
2,126,on,134,7410025,get_device_info,json,10000,1,741.0025,decode
3,126,on,134,8195252,get_device_info,json,10000,1,819.5252,decode
3,126,on,134,5742449,get_device_info,json,10000,1,574.2449,encode
4,126,on,134,5166460,get_device_info,json,10000,1,516.646,encode
4,126,on,134,8363840,get_device_info,json,10000,1,836.384,decode
5,126,on,134,7934638,get_device_info,json,10000,1,793.4638,decode
5,126,on,134,5534052,get_device_info,json,10000,1,553.4052,encode
6,126,on,134,5326136,get_device_info,json,10000,1,532.6136,encode
6,126,on,134,8230824,get_device_info,json,10000,1,823.0824,decode
7,126,on,134,8055086,get_device_info,json,10000,1,805.5086,decode
7,126,on,134,5152400,get_device_info,json,10000,1,515.24,encode
8,126,on,134,5463819,get_device_info,json,10000,1,546.3819,encode
8,126,on,134,7493619,get_device_info,json,10000,1,749.3619,decode
0,49,on,57,1832008,status_publication_valid,protobuf,10000,21,183.2008,encode
0,49,on,57,2961723,status_publication_valid,protobuf,10000,21,296.1723,decode
1,49,on,57,2625978,status_publication_valid,protobuf,10000,21,262.5978,decode
1,49,on,57,1830076,status_publication_valid,protobuf,10000,21,183.0076,encode
2,49,on,57,1796196,status_publication_valid,protobuf,10000,21,179.6196,encode
2,49,on,57,2608142,status_publication_valid,protobuf,10000,21,260.8142,decode
3,49,on,57,2583836,status_publication_valid,protobuf,10000,21,258.3836,decode
3,49,on,57,1944474,status_publication_valid,protobuf,10000,21,194.4474,encode
4,49,on,57,2096008,status_publication_valid,protobuf,10000,21,209.6008,encode
4,49,on,57,2617255,status_publication_valid,protobuf,10000,21,261.7255,decode
5,49,on,57,2650554,status_publication_valid,protobuf,10000,21,265.0554,decode
5,49,on,57,2675431,status_publication_valid,protobuf,10000,21,267.5431,encode
6,49,on,57,1937935,status_publication_valid,protobuf,10000,21,193.7935,encode
6,49,on,57,2977546,status_publication_valid,protobuf,10000,21,297.7546,decode
7,49,on,57,2701569,status_publication_valid,protobuf,10000,21,270.1569,decode
7,49,on,57,1884256,status_publication_valid,protobuf,10000,21,188.4256,encode
8,49,on,57,1869023,status_publication_valid,protobuf,10000,21,186.9023,encode
8,49,on,57,2607551,status_publication_valid,protobuf,10000,21,260.7551,decode
0,156,off,156,3113557,status_publication_unavailable,json,10000,21,311.3557,encode
0,156,off,156,6881176,status_publication_unavailable,json,10000,21,688.1176,decode
1,156,off,156,7364888,status_publication_unavailable,json,10000,21,736.4888,decode
1,156,off,156,3059307,status_publication_unavailable,json,10000,21,305.9307,encode
2,156,off,156,2862496,status_publication_unavailable,json,10000,21,286.2496,encode
2,156,off,156,6565952,status_publication_unavailable,json,10000,21,656.5952,decode
3,156,off,156,6376002,status_publication_unavailable,json,10000,21,637.6002,decode
3,156,off,156,2810570,status_publication_unavailable,json,10000,21,281.057,encode
4,156,off,156,2839182,status_publication_unavailable,json,10000,21,283.9182,encode
4,156,off,156,6331766,status_publication_unavailable,json,10000,21,633.1766,decode
5,156,off,156,6077703,status_publication_unavailable,json,10000,21,607.7703,decode
5,156,off,156,2777812,status_publication_unavailable,json,10000,21,277.7812,encode
6,156,off,156,2856096,status_publication_unavailable,json,10000,21,285.6096,encode
6,156,off,156,6049552,status_publication_unavailable,json,10000,21,604.9552,decode
7,156,off,156,6219431,status_publication_unavailable,json,10000,21,621.9431,decode
7,156,off,156,2786575,status_publication_unavailable,json,10000,21,278.6575,encode
8,156,off,156,2768258,status_publication_unavailable,json,10000,21,276.8258,encode
8,156,off,156,5795938,status_publication_unavailable,json,10000,21,579.5938,decode
0,37,off,37,719509,get_health,protobuf,10000,3,71.9509,encode
0,37,off,37,1380384,get_health,protobuf,10000,3,138.0384,decode
1,37,off,37,1373112,get_health,protobuf,10000,3,137.3112,decode
1,37,off,37,727021,get_health,protobuf,10000,3,72.7021,encode
2,37,off,37,757446,get_health,protobuf,10000,3,75.7446,encode
2,37,off,37,1385982,get_health,protobuf,10000,3,138.5982,decode
3,37,off,37,1407843,get_health,protobuf,10000,3,140.7843,decode
3,37,off,37,704267,get_health,protobuf,10000,3,70.4267,encode
4,37,off,37,767330,get_health,protobuf,10000,3,76.733,encode
4,37,off,37,1395836,get_health,protobuf,10000,3,139.5836,decode
5,37,off,37,1353374,get_health,protobuf,10000,3,135.3374,decode
5,37,off,37,755863,get_health,protobuf,10000,3,75.5863,encode
6,37,off,37,712269,get_health,protobuf,10000,3,71.2269,encode
6,37,off,37,1365722,get_health,protobuf,10000,3,136.5722,decode
7,37,off,37,1370649,get_health,protobuf,10000,3,137.0649,decode
7,37,off,37,821390,get_health,protobuf,10000,3,82.139,encode
8,37,off,37,733050,get_health,protobuf,10000,3,73.305,encode
8,37,off,37,1559557,get_health,protobuf,10000,3,155.9557,decode
0,84,off,84,4249739,device_info_escaping,csv,10000,11,424.9739,encode
0,84,off,84,164536250,device_info_escaping,csv,10000,11,16453.625,decode
1,84,off,84,160002561,device_info_escaping,csv,10000,11,16000.2561,decode
1,84,off,84,4236099,device_info_escaping,csv,10000,11,423.6099,encode
2,84,off,84,4424998,device_info_escaping,csv,10000,11,442.4998,encode
2,84,off,84,156863577,device_info_escaping,csv,10000,11,15686.3577,decode
3,84,off,84,162361325,device_info_escaping,csv,10000,11,16236.1325,decode
3,84,off,84,4268408,device_info_escaping,csv,10000,11,426.8408,encode
4,84,off,84,4495562,device_info_escaping,csv,10000,11,449.5562,encode
4,84,off,84,162007955,device_info_escaping,csv,10000,11,16200.7955,decode
5,84,off,84,158403656,device_info_escaping,csv,10000,11,15840.3656,decode
5,84,off,84,4563893,device_info_escaping,csv,10000,11,456.3893,encode
6,84,off,84,4472188,device_info_escaping,csv,10000,11,447.2188,encode
6,84,off,84,161804425,device_info_escaping,csv,10000,11,16180.4425,decode
7,84,off,84,161620614,device_info_escaping,csv,10000,11,16162.0614,decode
7,84,off,84,4235739,device_info_escaping,csv,10000,11,423.5739,encode
8,84,off,84,4241288,device_info_escaping,csv,10000,11,424.1288,encode
8,84,off,84,156052653,device_info_escaping,csv,10000,11,15605.2653,decode
0,221,on,229,9494686,status_response_valid,json,10000,12,949.4686,encode
0,221,on,229,13555944,status_response_valid,json,10000,12,1355.5944,decode
1,221,on,229,15051972,status_response_valid,json,10000,12,1505.1972,decode
1,221,on,229,9303564,status_response_valid,json,10000,12,930.3564,encode
2,221,on,229,9633580,status_response_valid,json,10000,12,963.358,encode
2,221,on,229,13169980,status_response_valid,json,10000,12,1316.998,decode
3,221,on,229,13592773,status_response_valid,json,10000,12,1359.2773,decode
3,221,on,229,9149157,status_response_valid,json,10000,12,914.9157,encode
4,221,on,229,10082832,status_response_valid,json,10000,12,1008.2832,encode
4,221,on,229,14829690,status_response_valid,json,10000,12,1482.969,decode
5,221,on,229,13574526,status_response_valid,json,10000,12,1357.4526,decode
5,221,on,229,9648472,status_response_valid,json,10000,12,964.8472,encode
6,221,on,229,9252680,status_response_valid,json,10000,12,925.268,encode
6,221,on,229,12717083,status_response_valid,json,10000,12,1271.7083,decode
7,221,on,229,12808337,status_response_valid,json,10000,12,1280.8337,decode
7,221,on,229,9746888,status_response_valid,json,10000,12,974.6888,encode
8,221,on,229,10619764,status_response_valid,json,10000,12,1061.9764,encode
8,221,on,229,15888394,status_response_valid,json,10000,12,1588.8394,decode
0,172,on,180,8168673,error_response,json,10000,14,816.8673,encode
0,172,on,180,11454894,error_response,json,10000,14,1145.4894,decode
1,172,on,180,12631016,error_response,json,10000,14,1263.1016,decode
1,172,on,180,7577021,error_response,json,10000,14,757.7021,encode
2,172,on,180,7445757,error_response,json,10000,14,744.5757,encode
2,172,on,180,11454614,error_response,json,10000,14,1145.4614,decode
3,172,on,180,10666392,error_response,json,10000,14,1066.6392,decode
3,172,on,180,7525285,error_response,json,10000,14,752.5285,encode
4,172,on,180,7631612,error_response,json,10000,14,763.1612,encode
4,172,on,180,10687193,error_response,json,10000,14,1068.7193,decode
5,172,on,180,10367842,error_response,json,10000,14,1036.7842,decode
5,172,on,180,7352070,error_response,json,10000,14,735.207,encode
6,172,on,180,7151615,error_response,json,10000,14,715.1615,encode
6,172,on,180,10469071,error_response,json,10000,14,1046.9071,decode
7,172,on,180,10373801,error_response,json,10000,14,1037.3801,decode
7,172,on,180,8036228,error_response,json,10000,14,803.6228,encode
8,172,on,180,7338771,error_response,json,10000,14,733.8771,encode
8,172,on,180,10254204,error_response,json,10000,14,1025.4204,decode
0,49,on,57,1793582,status_publication_zero,protobuf,10000,21,179.3582,encode
0,49,on,57,2582404,status_publication_zero,protobuf,10000,21,258.2404,decode
1,49,on,57,2582755,status_publication_zero,protobuf,10000,21,258.2755,decode
1,49,on,57,1928611,status_publication_zero,protobuf,10000,21,192.8611,encode
2,49,on,57,1991313,status_publication_zero,protobuf,10000,21,199.1313,encode
2,49,on,57,3024174,status_publication_zero,protobuf,10000,21,302.4174,decode
3,49,on,57,3454008,status_publication_zero,protobuf,10000,21,345.4008,decode
3,49,on,57,1875763,status_publication_zero,protobuf,10000,21,187.5763,encode
4,49,on,57,1827082,status_publication_zero,protobuf,10000,21,182.7082,encode
4,49,on,57,2611086,status_publication_zero,protobuf,10000,21,261.1086,decode
5,49,on,57,2506011,status_publication_zero,protobuf,10000,21,250.6011,decode
5,49,on,57,1838748,status_publication_zero,protobuf,10000,21,183.8748,encode
6,49,on,57,1816265,status_publication_zero,protobuf,10000,21,181.6265,encode
6,49,on,57,2588002,status_publication_zero,protobuf,10000,21,258.8002,decode
7,49,on,57,2545159,status_publication_zero,protobuf,10000,21,254.5159,decode
7,49,on,57,1880350,status_publication_zero,protobuf,10000,21,188.035,encode
8,49,on,57,1791229,status_publication_zero,protobuf,10000,21,179.1229,encode
8,49,on,57,2855626,status_publication_zero,protobuf,10000,21,285.5626,decode
0,50,on,58,5169585,status_publication_unavailable,csv,10000,21,516.9585,encode
0,50,on,58,155325181,status_publication_unavailable,csv,10000,21,15532.5181,decode
1,50,on,58,160387237,status_publication_unavailable,csv,10000,21,16038.7237,decode
1,50,on,58,4962160,status_publication_unavailable,csv,10000,21,496.216,encode
2,50,on,58,4959796,status_publication_unavailable,csv,10000,21,495.9796,encode
2,50,on,58,156234120,status_publication_unavailable,csv,10000,21,15623.412,decode
3,50,on,58,156651184,status_publication_unavailable,csv,10000,21,15665.1184,decode
3,50,on,58,5529124,status_publication_unavailable,csv,10000,21,552.9124,encode
4,50,on,58,5306888,status_publication_unavailable,csv,10000,21,530.6888,encode
4,50,on,58,159823166,status_publication_unavailable,csv,10000,21,15982.3166,decode
5,50,on,58,162699714,status_publication_unavailable,csv,10000,21,16269.9714,decode
5,50,on,58,7418488,status_publication_unavailable,csv,10000,21,741.8488,encode
6,50,on,58,5087504,status_publication_unavailable,csv,10000,21,508.7504,encode
6,50,on,58,159594650,status_publication_unavailable,csv,10000,21,15959.465,decode
7,50,on,58,164305980,status_publication_unavailable,csv,10000,21,16430.598,decode
7,50,on,58,5194322,status_publication_unavailable,csv,10000,21,519.4322,encode
8,50,on,58,5118880,status_publication_unavailable,csv,10000,21,511.888,encode
8,50,on,58,167838072,status_publication_unavailable,csv,10000,21,16783.8072,decode
0,67,on,75,2617716,status_response_valid,protobuf,10000,12,261.7716,encode
0,67,on,75,3660372,status_response_valid,protobuf,10000,12,366.0372,decode
1,67,on,75,3271499,status_response_valid,protobuf,10000,12,327.1499,decode
1,67,on,75,2559620,status_response_valid,protobuf,10000,12,255.962,encode
2,67,on,75,2454486,status_response_valid,protobuf,10000,12,245.4486,encode
2,67,on,75,3524081,status_response_valid,protobuf,10000,12,352.4081,decode
3,67,on,75,3275684,status_response_valid,protobuf,10000,12,327.5684,decode
3,67,on,75,3034070,status_response_valid,protobuf,10000,12,303.407,encode
4,67,on,75,2569926,status_response_valid,protobuf,10000,12,256.9926,encode
4,67,on,75,3493606,status_response_valid,protobuf,10000,12,349.3606,decode
5,67,on,75,3923239,status_response_valid,protobuf,10000,12,392.3239,decode
5,67,on,75,2403751,status_response_valid,protobuf,10000,12,240.3751,encode
6,67,on,75,2454666,status_response_valid,protobuf,10000,12,245.4666,encode
6,67,on,75,3258209,status_response_valid,protobuf,10000,12,325.8209,decode
7,67,on,75,3460067,status_response_valid,protobuf,10000,12,346.0067,decode
7,67,on,75,2659448,status_response_valid,protobuf,10000,12,265.9448,encode
8,67,on,75,2584227,status_response_valid,protobuf,10000,12,258.4227,encode
8,67,on,75,3629597,status_response_valid,protobuf,10000,12,362.9597,decode
0,183,on,191,7478276,status_publication_valid,json,10000,21,747.8276,encode
0,183,on,191,11793623,status_publication_valid,json,10000,21,1179.3623,decode
1,183,on,191,11184355,status_publication_valid,json,10000,21,1118.4355,decode
1,183,on,191,7669377,status_publication_valid,json,10000,21,766.9377,encode
2,183,on,191,7498185,status_publication_valid,json,10000,21,749.8185,encode
2,183,on,191,12862206,status_publication_valid,json,10000,21,1286.2206,decode
3,183,on,191,11961510,status_publication_valid,json,10000,21,1196.151,decode
3,183,on,191,7179826,status_publication_valid,json,10000,21,717.9826,encode
4,183,on,191,7245043,status_publication_valid,json,10000,21,724.5043,encode
4,183,on,191,10691800,status_publication_valid,json,10000,21,1069.18,decode
5,183,on,191,11461603,status_publication_valid,json,10000,21,1146.1603,decode
5,183,on,191,7623590,status_publication_valid,json,10000,21,762.359,encode
6,183,on,191,7298681,status_publication_valid,json,10000,21,729.8681,encode
6,183,on,191,11385591,status_publication_valid,json,10000,21,1138.5591,decode
7,183,on,191,10595658,status_publication_valid,json,10000,21,1059.5658,decode
7,183,on,191,7552846,status_publication_valid,json,10000,21,755.2846,encode
8,183,on,191,7725379,status_publication_valid,json,10000,21,772.5379,encode
8,183,on,191,11172077,status_publication_valid,json,10000,21,1117.2077,decode
0,50,off,50,814119,health_publication,protobuf,10000,22,81.4119,encode
0,50,off,50,1619746,health_publication,protobuf,10000,22,161.9746,decode
1,50,off,50,1605164,health_publication,protobuf,10000,22,160.5164,decode
1,50,off,50,844995,health_publication,protobuf,10000,22,84.4995,encode
2,50,off,50,921348,health_publication,protobuf,10000,22,92.1348,encode
2,50,off,50,1959987,health_publication,protobuf,10000,22,195.9987,decode
3,50,off,50,1944754,health_publication,protobuf,10000,22,194.4754,decode
3,50,off,50,810194,health_publication,protobuf,10000,22,81.0194,encode
4,50,off,50,794651,health_publication,protobuf,10000,22,79.4651,encode
4,50,off,50,1674316,health_publication,protobuf,10000,22,167.4316,decode
5,50,off,50,1900931,health_publication,protobuf,10000,22,190.0931,decode
5,50,off,50,906415,health_publication,protobuf,10000,22,90.6415,encode
6,50,off,50,959614,health_publication,protobuf,10000,22,95.9614,encode
6,50,off,50,1747825,health_publication,protobuf,10000,22,174.7825,decode
7,50,off,50,1825199,health_publication,protobuf,10000,22,182.5199,decode
7,50,off,50,809953,health_publication,protobuf,10000,22,80.9953,encode
8,50,off,50,863562,health_publication,protobuf,10000,22,86.3562,encode
8,50,off,50,1930243,health_publication,protobuf,10000,22,193.0243,decode
0,36,off,36,3662825,get_device_info,csv,10000,1,366.2825,encode
0,36,off,36,162462845,get_device_info,csv,10000,1,16246.2845,decode
1,36,off,36,172620417,get_device_info,csv,10000,1,17262.0417,decode
1,36,off,36,3429301,get_device_info,csv,10000,1,342.9301,encode
2,36,off,36,3398446,get_device_info,csv,10000,1,339.8446,encode
2,36,off,36,175010607,get_device_info,csv,10000,1,17501.0607,decode
3,36,off,36,161208327,get_device_info,csv,10000,1,16120.8327,decode
3,36,off,36,3623858,get_device_info,csv,10000,1,362.3858,encode
4,36,off,36,3281344,get_device_info,csv,10000,1,328.1344,encode
4,36,off,36,167970958,get_device_info,csv,10000,1,16797.0958,decode
5,36,off,36,155518979,get_device_info,csv,10000,1,15551.8979,decode
5,36,off,36,3357476,get_device_info,csv,10000,1,335.7476,encode
6,36,off,36,3302025,get_device_info,csv,10000,1,330.2025,encode
6,36,off,36,197356838,get_device_info,csv,10000,1,19735.6838,decode
7,36,off,36,196264791,get_device_info,csv,10000,1,19626.4791,decode
7,36,off,36,5250214,get_device_info,csv,10000,1,525.0214,encode
8,36,off,36,3993913,get_device_info,csv,10000,1,399.3913,encode
8,36,off,36,195051216,get_device_info,csv,10000,1,19505.1216,decode
0,72,on,80,2642303,device_info,protobuf,10000,11,264.2303,encode
0,72,on,80,3589427,device_info,protobuf,10000,11,358.9427,decode
1,72,on,80,3521048,device_info,protobuf,10000,11,352.1048,decode
1,72,on,80,2656233,device_info,protobuf,10000,11,265.6233,encode
2,72,on,80,2615182,device_info,protobuf,10000,11,261.5182,encode
2,72,on,80,3480958,device_info,protobuf,10000,11,348.0958,decode
3,72,on,80,3472956,device_info,protobuf,10000,11,347.2956,decode
3,72,on,80,2619379,device_info,protobuf,10000,11,261.9379,encode
4,72,on,80,2632988,device_info,protobuf,10000,11,263.2988,encode
4,72,on,80,5139121,device_info,protobuf,10000,11,513.9121,decode
5,72,on,80,5547322,device_info,protobuf,10000,11,554.7322,decode
5,72,on,80,4182291,device_info,protobuf,10000,11,418.2291,encode
6,72,on,80,4004089,device_info,protobuf,10000,11,400.4089,encode
6,72,on,80,4609571,device_info,protobuf,10000,11,460.9571,decode
7,72,on,80,4761143,device_info,protobuf,10000,11,476.1143,decode
7,72,on,80,4152087,device_info,protobuf,10000,11,415.2087,encode
8,72,on,80,4166448,device_info,protobuf,10000,11,416.6448,encode
8,72,on,80,4496404,device_info,protobuf,10000,11,449.6404,decode
0,71,on,79,6054849,device_info,csv,10000,11,605.4849,encode
0,71,on,79,198373006,device_info,csv,10000,11,19837.3006,decode
1,71,on,79,198896401,device_info,csv,10000,11,19889.6401,decode
1,71,on,79,5476958,device_info,csv,10000,11,547.6958,encode
2,71,on,79,5506923,device_info,csv,10000,11,550.6923,encode
2,71,on,79,173847701,device_info,csv,10000,11,17384.7701,decode
3,71,on,79,201318631,device_info,csv,10000,11,20131.8631,decode
3,71,on,79,7741715,device_info,csv,10000,11,774.1715,encode
4,71,on,79,6462871,device_info,csv,10000,11,646.2871,encode
4,71,on,79,192063692,device_info,csv,10000,11,19206.3692,decode
5,71,on,79,189373059,device_info,csv,10000,11,18937.3059,decode
5,71,on,79,7897433,device_info,csv,10000,11,789.7433,encode
6,71,on,79,6237728,device_info,csv,10000,11,623.7728,encode
6,71,on,79,197952984,device_info,csv,10000,11,19795.2984,decode
7,71,on,79,204186758,device_info,csv,10000,11,20418.6758,decode
7,71,on,79,8175723,device_info,csv,10000,11,817.5723,encode
8,71,on,79,8356238,device_info,csv,10000,11,835.6238,encode
8,71,on,79,181755616,device_info,csv,10000,11,18175.5616,decode
0,52,on,60,7188759,health_publication,csv,10000,22,718.8759,encode
0,52,on,60,166270145,health_publication,csv,10000,22,16627.0145,decode
1,52,on,60,191040024,health_publication,csv,10000,22,19104.0024,decode
1,52,on,60,6515788,health_publication,csv,10000,22,651.5788,encode
2,52,on,60,10937620,health_publication,csv,10000,22,1093.762,encode
2,52,on,60,189115621,health_publication,csv,10000,22,18911.5621,decode
3,52,on,60,203428380,health_publication,csv,10000,22,20342.838,decode
3,52,on,60,10259902,health_publication,csv,10000,22,1025.9902,encode
4,52,on,60,5835696,health_publication,csv,10000,22,583.5696,encode
4,52,on,60,174074591,health_publication,csv,10000,22,17407.4591,decode
5,52,on,60,172353506,health_publication,csv,10000,22,17235.3506,decode
5,52,on,60,5775567,health_publication,csv,10000,22,577.5567,encode
6,52,on,60,5625536,health_publication,csv,10000,22,562.5536,encode
6,52,on,60,166505072,health_publication,csv,10000,22,16650.5072,decode
7,52,on,60,162718834,health_publication,csv,10000,22,16271.8834,decode
7,52,on,60,6004495,health_publication,csv,10000,22,600.4495,encode
8,52,on,60,7347002,health_publication,csv,10000,22,734.7002,encode
8,52,on,60,159779185,health_publication,csv,10000,22,15977.9185,decode
0,66,on,74,5690311,status_response_unavailable,csv,10000,12,569.0311,encode
0,66,on,74,166766756,status_response_unavailable,csv,10000,12,16676.6756,decode
1,66,on,74,162079722,status_response_unavailable,csv,10000,12,16207.9722,decode
1,66,on,74,5426333,status_response_unavailable,csv,10000,12,542.6333,encode
2,66,on,74,5417220,status_response_unavailable,csv,10000,12,541.722,encode
2,66,on,74,162184466,status_response_unavailable,csv,10000,12,16218.4466,decode
3,66,on,74,163032976,status_response_unavailable,csv,10000,12,16303.2976,decode
3,66,on,74,5368808,status_response_unavailable,csv,10000,12,536.8808,encode
4,66,on,74,5380486,status_response_unavailable,csv,10000,12,538.0486,encode
4,66,on,74,167913976,status_response_unavailable,csv,10000,12,16791.3976,decode
5,66,on,74,166706807,status_response_unavailable,csv,10000,12,16670.6807,decode
5,66,on,74,5789778,status_response_unavailable,csv,10000,12,578.9778,encode
6,66,on,74,5931688,status_response_unavailable,csv,10000,12,593.1688,encode
6,66,on,74,214123237,status_response_unavailable,csv,10000,12,21412.3237,decode
7,66,on,74,158422785,status_response_unavailable,csv,10000,12,15842.2785,decode
7,66,on,74,5409899,status_response_unavailable,csv,10000,12,540.9899,encode
8,66,on,74,5390120,status_response_unavailable,csv,10000,12,539.012,encode
8,66,on,74,152405132,status_response_unavailable,csv,10000,12,15240.5132,decode
0,62,on,70,2259879,status_response_unavailable,protobuf,10000,12,225.9879,encode
0,62,on,70,3141638,status_response_unavailable,protobuf,10000,12,314.1638,decode
1,62,on,70,2977776,status_response_unavailable,protobuf,10000,12,297.7776,decode
1,62,on,70,2203235,status_response_unavailable,protobuf,10000,12,220.3235,encode
2,62,on,70,2209034,status_response_unavailable,protobuf,10000,12,220.9034,encode
2,62,on,70,3056212,status_response_unavailable,protobuf,10000,12,305.6212,decode
3,62,on,70,3128027,status_response_unavailable,protobuf,10000,12,312.8027,decode
3,62,on,70,2205379,status_response_unavailable,protobuf,10000,12,220.5379,encode
4,62,on,70,2246379,status_response_unavailable,protobuf,10000,12,224.6379,encode
4,62,on,70,3044605,status_response_unavailable,protobuf,10000,12,304.4605,decode
5,62,on,70,3029653,status_response_unavailable,protobuf,10000,12,302.9653,decode
5,62,on,70,2197217,status_response_unavailable,protobuf,10000,12,219.7217,encode
6,62,on,70,2218758,status_response_unavailable,protobuf,10000,12,221.8758,encode
6,62,on,70,3046748,status_response_unavailable,protobuf,10000,12,304.6748,decode
7,62,on,70,3557401,status_response_unavailable,protobuf,10000,12,355.7401,decode
7,62,on,70,2288421,status_response_unavailable,protobuf,10000,12,228.8421,encode
8,62,on,70,2218137,status_response_unavailable,protobuf,10000,12,221.8137,encode
8,62,on,70,3011967,status_response_unavailable,protobuf,10000,12,301.1967,decode
0,53,off,53,3859064,status_publication_zero,csv,10000,21,385.9064,encode
0,53,off,53,151110494,status_publication_zero,csv,10000,21,15111.0494,decode
1,53,off,53,156589040,status_publication_zero,csv,10000,21,15658.904,decode
1,53,off,53,3998831,status_publication_zero,csv,10000,21,399.8831,encode
2,53,off,53,3949859,status_publication_zero,csv,10000,21,394.9859,encode
2,53,off,53,158587187,status_publication_zero,csv,10000,21,15858.7187,decode
3,53,off,53,156285376,status_publication_zero,csv,10000,21,15628.5376,decode
3,53,off,53,3993203,status_publication_zero,csv,10000,21,399.3203,encode
4,53,off,53,4815924,status_publication_zero,csv,10000,21,481.5924,encode
4,53,off,53,157422842,status_publication_zero,csv,10000,21,15742.2842,decode
5,53,off,53,165278489,status_publication_zero,csv,10000,21,16527.8489,decode
5,53,off,53,6306490,status_publication_zero,csv,10000,21,630.649,encode
6,53,off,53,6117682,status_publication_zero,csv,10000,21,611.7682,encode
6,53,off,53,166831421,status_publication_zero,csv,10000,21,16683.1421,decode
7,53,off,53,155132929,status_publication_zero,csv,10000,21,15513.2929,decode
7,53,off,53,4039671,status_publication_zero,csv,10000,21,403.9671,encode
8,53,off,53,4013713,status_publication_zero,csv,10000,21,401.3713,encode
8,53,off,53,164325751,status_publication_zero,csv,10000,21,16432.5751,decode
0,67,off,67,1012882,status_response_zero,protobuf,10000,12,101.2882,encode
0,67,off,67,2010171,status_response_zero,protobuf,10000,12,201.0171,decode
1,67,off,67,1884726,status_response_zero,protobuf,10000,12,188.4726,decode
1,67,off,67,943229,status_response_zero,protobuf,10000,12,94.3229,encode
2,67,off,67,970200,status_response_zero,protobuf,10000,12,97.02,encode
2,67,off,67,1903995,status_response_zero,protobuf,10000,12,190.3995,decode
3,67,off,67,1922041,status_response_zero,protobuf,10000,12,192.2041,decode
3,67,off,67,1164625,status_response_zero,protobuf,10000,12,116.4625,encode
4,67,off,67,945633,status_response_zero,protobuf,10000,12,94.5633,encode
4,67,off,67,1968981,status_response_zero,protobuf,10000,12,196.8981,decode
5,67,off,67,1872018,status_response_zero,protobuf,10000,12,187.2018,decode
5,67,off,67,1006703,status_response_zero,protobuf,10000,12,100.6703,encode
6,67,off,67,987024,status_response_zero,protobuf,10000,12,98.7024,encode
6,67,off,67,1884796,status_response_zero,protobuf,10000,12,188.4796,decode
7,67,off,67,1816486,status_response_zero,protobuf,10000,12,181.6486,decode
7,67,off,67,914678,status_response_zero,protobuf,10000,12,91.4678,encode
8,67,off,67,937300,status_response_zero,protobuf,10000,12,93.73,encode
8,67,off,67,1832710,status_response_zero,protobuf,10000,12,183.271,decode
0,69,off,69,4073030,status_response_zero,csv,10000,12,407.303,encode
0,69,off,69,156056429,status_response_zero,csv,10000,12,15605.6429,decode
1,69,off,69,161843513,status_response_zero,csv,10000,12,16184.3513,decode
1,69,off,69,4379772,status_response_zero,csv,10000,12,437.9772,encode
2,69,off,69,4283410,status_response_zero,csv,10000,12,428.341,encode
2,69,off,69,155606025,status_response_zero,csv,10000,12,15560.6025,decode
3,69,off,69,153538089,status_response_zero,csv,10000,12,15353.8089,decode
3,69,off,69,4331471,status_response_zero,csv,10000,12,433.1471,encode
4,69,off,69,4322357,status_response_zero,csv,10000,12,432.2357,encode
4,69,off,69,159052903,status_response_zero,csv,10000,12,15905.2903,decode
5,69,off,69,170386318,status_response_zero,csv,10000,12,17038.6318,decode
5,69,off,69,4269249,status_response_zero,csv,10000,12,426.9249,encode
6,69,off,69,4714385,status_response_zero,csv,10000,12,471.4385,encode
6,69,off,69,157596307,status_response_zero,csv,10000,12,15759.6307,decode
7,69,off,69,166008269,status_response_zero,csv,10000,12,16600.8269,decode
7,69,off,69,4373893,status_response_zero,csv,10000,12,437.3893,encode
8,69,off,69,4311932,status_response_zero,csv,10000,12,431.1932,encode
8,69,off,69,157704596,status_response_zero,csv,10000,12,15770.4596,decode
0,222,off,222,3266472,health_publication,json,10000,22,326.6472,encode
0,222,off,222,7389856,health_publication,json,10000,22,738.9856,decode
1,222,off,222,7610250,health_publication,json,10000,22,761.025,decode
1,222,off,222,3119285,health_publication,json,10000,22,311.9285,encode
2,222,off,222,3415902,health_publication,json,10000,22,341.5902,encode
2,222,off,222,7990271,health_publication,json,10000,22,799.0271,decode
3,222,off,222,7755074,health_publication,json,10000,22,775.5074,decode
3,222,off,222,3363375,health_publication,json,10000,22,336.3375,encode
4,222,off,222,3747891,health_publication,json,10000,22,374.7891,encode
4,222,off,222,8699615,health_publication,json,10000,22,869.9615,decode
5,222,off,222,8329630,health_publication,json,10000,22,832.963,decode
5,222,off,222,3227614,health_publication,json,10000,22,322.7614,encode
6,222,off,222,3213083,health_publication,json,10000,22,321.3083,encode
6,222,off,222,8783770,health_publication,json,10000,22,878.377,decode
7,222,off,222,8575653,health_publication,json,10000,22,857.5653,decode
7,222,off,222,3191201,health_publication,json,10000,22,319.1201,encode
8,222,off,222,3193535,health_publication,json,10000,22,319.3535,encode
8,222,off,222,8073724,health_publication,json,10000,22,807.3724,decode
0,37,off,37,692220,get_status,protobuf,10000,2,69.222,encode
0,37,off,37,1392522,get_status,protobuf,10000,2,139.2522,decode
1,37,off,37,1437137,get_status,protobuf,10000,2,143.7137,decode
1,37,off,37,860157,get_status,protobuf,10000,2,86.0157,encode
2,37,off,37,714282,get_status,protobuf,10000,2,71.4282,encode
2,37,off,37,1379803,get_status,protobuf,10000,2,137.9803,decode
3,37,off,37,1500480,get_status,protobuf,10000,2,150.048,decode
3,37,off,37,703056,get_status,protobuf,10000,2,70.3056,encode
4,37,off,37,688725,get_status,protobuf,10000,2,68.8725,encode
4,37,off,37,1365612,get_status,protobuf,10000,2,136.5612,decode
5,37,off,37,1334185,get_status,protobuf,10000,2,133.4185,decode
5,37,off,37,706721,get_status,protobuf,10000,2,70.6721,encode
6,37,off,37,686702,get_status,protobuf,10000,2,68.6702,encode
6,37,off,37,1400763,get_status,protobuf,10000,2,140.0763,decode
7,37,off,37,1378691,get_status,protobuf,10000,2,137.8691,decode
7,37,off,37,702575,get_status,protobuf,10000,2,70.2575,encode
8,37,off,37,705329,get_status,protobuf,10000,2,70.5329,encode
8,37,off,37,1523365,get_status,protobuf,10000,2,152.3365,decode
0,54,off,54,4281407,status_publication_valid,csv,10000,21,428.1407,encode
0,54,off,54,158472478,status_publication_valid,csv,10000,21,15847.2478,decode
1,54,off,54,166051864,status_publication_valid,csv,10000,21,16605.1864,decode
1,54,off,54,4390498,status_publication_valid,csv,10000,21,439.0498,encode
2,54,off,54,4459889,status_publication_valid,csv,10000,21,445.9889,encode
2,54,off,54,153514350,status_publication_valid,csv,10000,21,15351.435,decode
3,54,off,54,152437187,status_publication_valid,csv,10000,21,15243.7187,decode
3,54,off,54,4279173,status_publication_valid,csv,10000,21,427.9173,encode
4,54,off,54,4368296,status_publication_valid,csv,10000,21,436.8296,encode
4,54,off,54,161211633,status_publication_valid,csv,10000,21,16121.1633,decode
5,54,off,54,153804250,status_publication_valid,csv,10000,21,15380.425,decode
5,54,off,54,4233866,status_publication_valid,csv,10000,21,423.3866,encode
6,54,off,54,4295286,status_publication_valid,csv,10000,21,429.5286,encode
6,54,off,54,166344121,status_publication_valid,csv,10000,21,16634.4121,decode
7,54,off,54,164260486,status_publication_valid,csv,10000,21,16426.0486,decode
7,54,off,54,4210141,status_publication_valid,csv,10000,21,421.0141,encode
8,54,off,54,4302988,status_publication_valid,csv,10000,21,430.2988,encode
8,54,off,54,164255569,status_publication_valid,csv,10000,21,16425.5569,decode
0,50,off,50,3977549,status_publication_unavailable,csv,10000,21,397.7549,encode
0,50,off,50,162501615,status_publication_unavailable,csv,10000,21,16250.1615,decode
1,50,off,50,178011249,status_publication_unavailable,csv,10000,21,17801.1249,decode
1,50,off,50,3918561,status_publication_unavailable,csv,10000,21,391.8561,encode
2,50,off,50,4042534,status_publication_unavailable,csv,10000,21,404.2534,encode
2,50,off,50,154986238,status_publication_unavailable,csv,10000,21,15498.6238,decode
3,50,off,50,156967024,status_publication_unavailable,csv,10000,21,15696.7024,decode
3,50,off,50,3863720,status_publication_unavailable,csv,10000,21,386.372,encode
4,50,off,50,4362365,status_publication_unavailable,csv,10000,21,436.2365,encode
4,50,off,50,154303162,status_publication_unavailable,csv,10000,21,15430.3162,decode
5,50,off,50,158750672,status_publication_unavailable,csv,10000,21,15875.0672,decode
5,50,off,50,3781970,status_publication_unavailable,csv,10000,21,378.197,encode
6,50,off,50,4272953,status_publication_unavailable,csv,10000,21,427.2953,encode
6,50,off,50,157191535,status_publication_unavailable,csv,10000,21,15719.1535,decode
7,50,off,50,157589572,status_publication_unavailable,csv,10000,21,15758.9572,decode
7,50,off,50,3865914,status_publication_unavailable,csv,10000,21,386.5914,encode
8,50,off,50,3769061,status_publication_unavailable,csv,10000,21,376.9061,encode
8,50,off,50,157598415,status_publication_unavailable,csv,10000,21,15759.8415,decode
0,49,off,49,762003,status_publication_zero,protobuf,10000,21,76.2003,encode
0,49,off,49,1575050,status_publication_zero,protobuf,10000,21,157.505,decode
1,49,off,49,1547729,status_publication_zero,protobuf,10000,21,154.7729,decode
1,49,off,49,752127,status_publication_zero,protobuf,10000,21,75.2127,encode
2,49,off,49,1004239,status_publication_zero,protobuf,10000,21,100.4239,encode
2,49,off,49,1589190,status_publication_zero,protobuf,10000,21,158.919,decode
3,49,off,49,1549422,status_publication_zero,protobuf,10000,21,154.9422,decode
3,49,off,49,771065,status_publication_zero,protobuf,10000,21,77.1065,encode
4,49,off,49,760290,status_publication_zero,protobuf,10000,21,76.029,encode
4,49,off,49,2347407,status_publication_zero,protobuf,10000,21,234.7407,decode
5,49,off,49,1610753,status_publication_zero,protobuf,10000,21,161.0753,decode
5,49,off,49,1021244,status_publication_zero,protobuf,10000,21,102.1244,encode
6,49,off,49,746389,status_publication_zero,protobuf,10000,21,74.6389,encode
6,49,off,49,1582811,status_publication_zero,protobuf,10000,21,158.2811,decode
7,49,off,49,1705372,status_publication_zero,protobuf,10000,21,170.5372,decode
7,49,off,49,773088,status_publication_zero,protobuf,10000,21,77.3088,encode
8,49,off,49,744807,status_publication_zero,protobuf,10000,21,74.4807,encode
8,49,off,49,1637872,status_publication_zero,protobuf,10000,21,163.7872,decode
0,81,on,89,2832602,device_info_escaping,protobuf,10000,11,283.2602,encode
0,81,on,89,3718046,device_info_escaping,protobuf,10000,11,371.8046,decode
1,81,on,89,3873675,device_info_escaping,protobuf,10000,11,387.3675,decode
1,81,on,89,3167825,device_info_escaping,protobuf,10000,11,316.7825,encode
2,81,on,89,2838931,device_info_escaping,protobuf,10000,11,283.8931,encode
2,81,on,89,3615105,device_info_escaping,protobuf,10000,11,361.5105,decode
3,81,on,89,3588805,device_info_escaping,protobuf,10000,11,358.8805,decode
3,81,on,89,2826213,device_info_escaping,protobuf,10000,11,282.6213,encode
4,81,on,89,2787445,device_info_escaping,protobuf,10000,11,278.7445,encode
4,81,on,89,3867606,device_info_escaping,protobuf,10000,11,386.7606,decode
5,81,on,89,3635866,device_info_escaping,protobuf,10000,11,363.5866,decode
5,81,on,89,2816808,device_info_escaping,protobuf,10000,11,281.6808,encode
6,81,on,89,2836237,device_info_escaping,protobuf,10000,11,283.6237,encode
6,81,on,89,3702833,device_info_escaping,protobuf,10000,11,370.2833,decode
7,81,on,89,3620061,device_info_escaping,protobuf,10000,11,362.0061,decode
7,81,on,89,2814826,device_info_escaping,protobuf,10000,11,281.4826,encode
8,81,on,89,3027500,device_info_escaping,protobuf,10000,11,302.75,encode
8,81,on,89,3597579,device_info_escaping,protobuf,10000,11,359.7579,decode
0,66,off,66,4285663,status_response_fault,csv,10000,12,428.5663,encode
0,66,off,66,160259934,status_response_fault,csv,10000,12,16025.9934,decode
1,66,off,66,162716983,status_response_fault,csv,10000,12,16271.6983,decode
1,66,off,66,4252102,status_response_fault,csv,10000,12,425.2102,encode
2,66,off,66,4284830,status_response_fault,csv,10000,12,428.483,encode
2,66,off,66,153463074,status_response_fault,csv,10000,12,15346.3074,decode
3,66,off,66,165400701,status_response_fault,csv,10000,12,16540.0701,decode
3,66,off,66,5050129,status_response_fault,csv,10000,12,505.0129,encode
4,66,off,66,4842834,status_response_fault,csv,10000,12,484.2834,encode
4,66,off,66,183295851,status_response_fault,csv,10000,12,18329.5851,decode
5,66,off,66,173972547,status_response_fault,csv,10000,12,17397.2547,decode
5,66,off,66,4812910,status_response_fault,csv,10000,12,481.291,encode
6,66,off,66,4387173,status_response_fault,csv,10000,12,438.7173,encode
6,66,off,66,171113324,status_response_fault,csv,10000,12,17111.3324,decode
7,66,off,66,168566923,status_response_fault,csv,10000,12,16856.6923,decode
7,66,off,66,4764098,status_response_fault,csv,10000,12,476.4098,encode
8,66,off,66,5093083,status_response_fault,csv,10000,12,509.3083,encode
8,66,off,66,173810237,status_response_fault,csv,10000,12,17381.0237,decode
0,214,off,214,6263697,device_info,json,10000,11,626.3697,encode
0,214,off,214,9824904,device_info,json,10000,11,982.4904,decode
1,214,off,214,8921082,device_info,json,10000,11,892.1082,decode
1,214,off,214,4416987,device_info,json,10000,11,441.6987,encode
2,214,off,214,4197483,device_info,json,10000,11,419.7483,encode
2,214,off,214,9166994,device_info,json,10000,11,916.6994,decode
3,214,off,214,9982985,device_info,json,10000,11,998.2985,decode
3,214,off,214,4672744,device_info,json,10000,11,467.2744,encode
4,214,off,214,4610622,device_info,json,10000,11,461.0622,encode
4,214,off,214,8510577,device_info,json,10000,11,851.0577,decode
5,214,off,214,8937365,device_info,json,10000,11,893.7365,decode
5,214,off,214,4706273,device_info,json,10000,11,470.6273,encode
6,214,off,214,4383688,device_info,json,10000,11,438.3688,encode
6,214,off,214,8688499,device_info,json,10000,11,868.8499,decode
7,214,off,214,8427805,device_info,json,10000,11,842.7805,decode
7,214,off,214,4160669,device_info,json,10000,11,416.0669,encode
8,214,off,214,4175300,device_info,json,10000,11,417.53,encode
8,214,off,214,12545701,device_info,json,10000,11,1254.5701,decode
0,62,off,62,1190504,status_response_unavailable,protobuf,10000,12,119.0504,encode
0,62,off,62,1780763,status_response_unavailable,protobuf,10000,12,178.0763,decode
1,62,off,62,1976532,status_response_unavailable,protobuf,10000,12,197.6532,decode
1,62,off,62,1031259,status_response_unavailable,protobuf,10000,12,103.1259,encode
2,62,off,62,1010268,status_response_unavailable,protobuf,10000,12,101.0268,encode
2,62,off,62,1902503,status_response_unavailable,protobuf,10000,12,190.2503,decode
3,62,off,62,1994127,status_response_unavailable,protobuf,10000,12,199.4127,decode
3,62,off,62,1012191,status_response_unavailable,protobuf,10000,12,101.2191,encode
4,62,off,62,969788,status_response_unavailable,protobuf,10000,12,96.9788,encode
4,62,off,62,2216205,status_response_unavailable,protobuf,10000,12,221.6205,decode
5,62,off,62,2246880,status_response_unavailable,protobuf,10000,12,224.688,decode
5,62,off,62,998060,status_response_unavailable,protobuf,10000,12,99.806,encode
6,62,off,62,1279084,status_response_unavailable,protobuf,10000,12,127.9084,encode
6,62,off,62,2036290,status_response_unavailable,protobuf,10000,12,203.629,decode
7,62,off,62,1746723,status_response_unavailable,protobuf,10000,12,174.6723,decode
7,62,off,62,1000023,status_response_unavailable,protobuf,10000,12,100.0023,encode
8,62,off,62,902569,status_response_unavailable,protobuf,10000,12,90.2569,encode
8,62,off,62,2096879,status_response_unavailable,protobuf,10000,12,209.6879,decode
0,194,on,202,8646677,status_response_fault,json,10000,12,864.6677,encode
0,194,on,202,15255472,status_response_fault,json,10000,12,1525.5472,decode
1,194,on,202,13607896,status_response_fault,json,10000,12,1360.7896,decode
1,194,on,202,8439743,status_response_fault,json,10000,12,843.9743,encode
2,194,on,202,10045328,status_response_fault,json,10000,12,1004.5328,encode
2,194,on,202,12815819,status_response_fault,json,10000,12,1281.5819,decode
3,194,on,202,13489932,status_response_fault,json,10000,12,1348.9932,decode
3,194,on,202,8509245,status_response_fault,json,10000,12,850.9245,encode
4,194,on,202,12630646,status_response_fault,json,10000,12,1263.0646,encode
4,194,on,202,12852813,status_response_fault,json,10000,12,1285.2813,decode
5,194,on,202,12584769,status_response_fault,json,10000,12,1258.4769,decode
5,194,on,202,8829206,status_response_fault,json,10000,12,882.9206,encode
6,194,on,202,8929764,status_response_fault,json,10000,12,892.9764,encode
6,194,on,202,12205499,status_response_fault,json,10000,12,1220.5499,decode
7,194,on,202,15270054,status_response_fault,json,10000,12,1527.0054,decode
7,194,on,202,8918919,status_response_fault,json,10000,12,891.8919,encode
8,194,on,202,8679766,status_response_fault,json,10000,12,867.9766,encode
8,194,on,202,12447496,status_response_fault,json,10000,12,1244.7496,decode
0,70,off,70,6213673,status_response_valid,csv,10000,12,621.3673,encode
0,70,off,70,174687089,status_response_valid,csv,10000,12,17468.7089,decode
1,70,off,70,173558376,status_response_valid,csv,10000,12,17355.8376,decode
1,70,off,70,4613336,status_response_valid,csv,10000,12,461.3336,encode
2,70,off,70,4505126,status_response_valid,csv,10000,12,450.5126,encode
2,70,off,70,172865556,status_response_valid,csv,10000,12,17286.5556,decode
3,70,off,70,169344381,status_response_valid,csv,10000,12,16934.4381,decode
3,70,off,70,5526541,status_response_valid,csv,10000,12,552.6541,encode
4,70,off,70,5469738,status_response_valid,csv,10000,12,546.9738,encode
4,70,off,70,162249046,status_response_valid,csv,10000,12,16224.9046,decode
5,70,off,70,163081904,status_response_valid,csv,10000,12,16308.1904,decode
5,70,off,70,4618153,status_response_valid,csv,10000,12,461.8153,encode
6,70,off,70,4558195,status_response_valid,csv,10000,12,455.8195,encode
6,70,off,70,159611747,status_response_valid,csv,10000,12,15961.1747,decode
7,70,off,70,165044074,status_response_valid,csv,10000,12,16504.4074,decode
7,70,off,70,4969430,status_response_valid,csv,10000,12,496.943,encode
8,70,off,70,5363160,status_response_valid,csv,10000,12,536.316,encode
8,70,off,70,176321136,status_response_valid,csv,10000,12,17632.1136,decode
0,156,on,164,6517712,status_publication_fault,json,10000,21,651.7712,encode
0,156,on,164,10304930,status_publication_fault,json,10000,21,1030.493,decode
1,156,on,164,10033901,status_publication_fault,json,10000,21,1003.3901,decode
1,156,on,164,8662010,status_publication_fault,json,10000,21,866.201,encode
2,156,on,164,6733088,status_publication_fault,json,10000,21,673.3088,encode
2,156,on,164,10978582,status_publication_fault,json,10000,21,1097.8582,decode
3,156,on,164,10796845,status_publication_fault,json,10000,21,1079.6845,decode
3,156,on,164,8220460,status_publication_fault,json,10000,21,822.046,encode
4,156,on,164,6403122,status_publication_fault,json,10000,21,640.3122,encode
4,156,on,164,11943684,status_publication_fault,json,10000,21,1194.3684,decode
5,156,on,164,10907137,status_publication_fault,json,10000,21,1090.7137,decode
5,156,on,164,6656256,status_publication_fault,json,10000,21,665.6256,encode
6,156,on,164,7444226,status_publication_fault,json,10000,21,744.4226,encode
6,156,on,164,11597954,status_publication_fault,json,10000,21,1159.7954,decode
7,156,on,164,10028253,status_publication_fault,json,10000,21,1002.8253,decode
7,156,on,164,7133168,status_publication_fault,json,10000,21,713.3168,encode
8,156,on,164,7732211,status_publication_fault,json,10000,21,773.2211,encode
8,156,on,164,10289492,status_publication_fault,json,10000,21,1028.9492,decode
0,37,off,37,700111,get_device_info,protobuf,10000,1,70.0111,encode
0,37,off,37,1374655,get_device_info,protobuf,10000,1,137.4655,decode
1,37,off,37,1413572,get_device_info,protobuf,10000,1,141.3572,decode
1,37,off,37,687563,get_device_info,protobuf,10000,1,68.7563,encode
2,37,off,37,710066,get_device_info,protobuf,10000,1,71.0066,encode
2,37,off,37,1342398,get_device_info,protobuf,10000,1,134.2398,decode
3,37,off,37,1375246,get_device_info,protobuf,10000,1,137.5246,decode
3,37,off,37,711188,get_device_info,protobuf,10000,1,71.1188,encode
4,37,off,37,690097,get_device_info,protobuf,10000,1,69.0097,encode
4,37,off,37,1362617,get_device_info,protobuf,10000,1,136.2617,decode
5,37,off,37,1369908,get_device_info,protobuf,10000,1,136.9908,decode
5,37,off,37,703216,get_device_info,protobuf,10000,1,70.3216,encode
6,37,off,37,690377,get_device_info,protobuf,10000,1,69.0377,encode
6,37,off,37,1379702,get_device_info,protobuf,10000,1,137.9702,decode
7,37,off,37,1371410,get_device_info,protobuf,10000,1,137.141,decode
7,37,off,37,700793,get_device_info,protobuf,10000,1,70.0793,encode
8,37,off,37,698850,get_device_info,protobuf,10000,1,69.885,encode
8,37,off,37,1372592,get_device_info,protobuf,10000,1,137.2592,decode
0,260,on,268,10022134,health_response,json,10000,13,1002.2134,encode
0,260,on,268,15197787,health_response,json,10000,13,1519.7787,decode
1,260,on,268,14739513,health_response,json,10000,13,1473.9513,decode
1,260,on,268,10065507,health_response,json,10000,13,1006.5507,encode
2,260,on,268,10237301,health_response,json,10000,13,1023.7301,encode
2,260,on,268,14995488,health_response,json,10000,13,1499.5488,decode
3,260,on,268,14936773,health_response,json,10000,13,1493.6773,decode
3,260,on,268,10019380,health_response,json,10000,13,1001.938,encode
4,260,on,268,9821568,health_response,json,10000,13,982.1568,encode
4,260,on,268,14665865,health_response,json,10000,13,1466.5865,decode
5,260,on,268,14751891,health_response,json,10000,13,1475.1891,decode
5,260,on,268,9916267,health_response,json,10000,13,991.6267,encode
6,260,on,268,10336587,health_response,json,10000,13,1033.6587,encode
6,260,on,268,14532878,health_response,json,10000,13,1453.2878,decode
7,260,on,268,14603813,health_response,json,10000,13,1460.3813,decode
7,260,on,268,13344938,health_response,json,10000,13,1334.4938,encode
8,260,on,268,9789731,health_response,json,10000,13,978.9731,encode
8,260,on,268,15654130,health_response,json,10000,13,1565.413,decode
0,121,on,129,5793674,get_health,json,10000,3,579.3674,encode
0,121,on,129,7208358,get_health,json,10000,3,720.8358,decode
1,121,on,129,7191924,get_health,json,10000,3,719.1924,decode
1,121,on,129,8583524,get_health,json,10000,3,858.3524,encode
2,121,on,129,4893218,get_health,json,10000,3,489.3218,encode
2,121,on,129,7220507,get_health,json,10000,3,722.0507,decode
3,121,on,129,7059779,get_health,json,10000,3,705.9779,decode
3,121,on,129,5217025,get_health,json,10000,3,521.7025,encode
4,121,on,129,5224947,get_health,json,10000,3,522.4947,encode
4,121,on,129,7353603,get_health,json,10000,3,735.3603,decode
5,121,on,129,7511044,get_health,json,10000,3,751.1044,decode
5,121,on,129,4900068,get_health,json,10000,3,490.0068,encode
6,121,on,129,4857906,get_health,json,10000,3,485.7906,encode
6,121,on,129,7378819,get_health,json,10000,3,737.8819,decode
7,121,on,129,7606435,get_health,json,10000,3,760.6435,decode
7,121,on,129,5048447,get_health,json,10000,3,504.8447,encode
8,121,on,129,5212458,get_health,json,10000,3,521.2458,encode
8,121,on,129,7518405,get_health,json,10000,3,751.8405,decode
0,220,off,220,3989718,status_response_zero,json,10000,12,398.9718,encode
0,220,off,220,8403509,status_response_zero,json,10000,12,840.3509,decode
1,220,off,220,8524036,status_response_zero,json,10000,12,852.4036,decode
1,220,off,220,3934596,status_response_zero,json,10000,12,393.4596,encode
2,220,off,220,3878233,status_response_zero,json,10000,12,387.8233,encode
2,220,off,220,8926399,status_response_zero,json,10000,12,892.6399,decode
3,220,off,220,8927932,status_response_zero,json,10000,12,892.7932,decode
3,220,off,220,4099359,status_response_zero,json,10000,12,409.9359,encode
4,220,off,220,4001064,status_response_zero,json,10000,12,400.1064,encode
4,220,off,220,9718056,status_response_zero,json,10000,12,971.8056,decode
5,220,off,220,8806172,status_response_zero,json,10000,12,880.6172,decode
5,220,off,220,3951721,status_response_zero,json,10000,12,395.1721,encode
6,220,off,220,4502748,status_response_zero,json,10000,12,450.2748,encode
6,220,off,220,9504301,status_response_zero,json,10000,12,950.4301,decode
7,220,off,220,8852600,status_response_zero,json,10000,12,885.26,decode
7,220,off,220,4147280,status_response_zero,json,10000,12,414.728,encode
8,220,off,220,4334715,status_response_zero,json,10000,12,433.4715,encode
8,220,off,220,8493372,status_response_zero,json,10000,12,849.3372,decode
0,50,on,58,1921320,health_publication,protobuf,10000,22,192.132,encode
0,50,on,58,2705035,health_publication,protobuf,10000,22,270.5035,decode
1,50,on,58,2809138,health_publication,protobuf,10000,22,280.9138,decode
1,50,on,58,2067375,health_publication,protobuf,10000,22,206.7375,encode
2,50,on,58,1892949,health_publication,protobuf,10000,22,189.2949,encode
2,50,on,58,3193965,health_publication,protobuf,10000,22,319.3965,decode
3,50,on,58,2785604,health_publication,protobuf,10000,22,278.5604,decode
3,50,on,58,1949482,health_publication,protobuf,10000,22,194.9482,encode
4,50,on,58,1866880,health_publication,protobuf,10000,22,186.688,encode
4,50,on,58,2734578,health_publication,protobuf,10000,22,273.4578,decode
5,50,on,58,2909106,health_publication,protobuf,10000,22,290.9106,decode
5,50,on,58,2181985,health_publication,protobuf,10000,22,218.1985,encode
6,50,on,58,1917114,health_publication,protobuf,10000,22,191.7114,encode
6,50,on,58,2902936,health_publication,protobuf,10000,22,290.2936,decode
7,50,on,58,3071444,health_publication,protobuf,10000,22,307.1444,decode
7,50,on,58,1941530,health_publication,protobuf,10000,22,194.153,encode
8,50,on,58,1864807,health_publication,protobuf,10000,22,186.4807,encode
8,50,on,58,2669372,health_publication,protobuf,10000,22,266.9372,decode
0,183,off,183,3223919,status_publication_valid,json,10000,21,322.3919,encode
0,183,off,183,7687524,status_publication_valid,json,10000,21,768.7524,decode
1,183,off,183,7174729,status_publication_valid,json,10000,21,717.4729,decode
1,183,off,183,3240343,status_publication_valid,json,10000,21,324.0343,encode
2,183,off,183,3870662,status_publication_valid,json,10000,21,387.0662,encode
2,183,off,183,7396215,status_publication_valid,json,10000,21,739.6215,decode
3,183,off,183,7371129,status_publication_valid,json,10000,21,737.1129,decode
3,183,off,183,3403113,status_publication_valid,json,10000,21,340.3113,encode
4,183,off,183,3913875,status_publication_valid,json,10000,21,391.3875,encode
4,183,off,183,7470114,status_publication_valid,json,10000,21,747.0114,decode
5,183,off,183,7467810,status_publication_valid,json,10000,21,746.781,decode
5,183,off,183,3510762,status_publication_valid,json,10000,21,351.0762,encode
6,183,off,183,3373279,status_publication_valid,json,10000,21,337.3279,encode
6,183,off,183,7047802,status_publication_valid,json,10000,21,704.7802,decode
7,183,off,183,7286774,status_publication_valid,json,10000,21,728.6774,decode
7,183,off,183,3936920,status_publication_valid,json,10000,21,393.692,encode
8,183,off,183,3699830,status_publication_valid,json,10000,21,369.983,encode
8,183,off,183,7488491,status_publication_valid,json,10000,21,748.8491,decode
0,194,off,194,3779838,status_response_fault,json,10000,12,377.9838,encode
0,194,off,194,7859167,status_response_fault,json,10000,12,785.9167,decode
1,194,off,194,8240830,status_response_fault,json,10000,12,824.083,decode
1,194,off,194,4321676,status_response_fault,json,10000,12,432.1676,encode
2,194,off,194,3824635,status_response_fault,json,10000,12,382.4635,encode
2,194,off,194,8334197,status_response_fault,json,10000,12,833.4197,decode
3,194,off,194,8459030,status_response_fault,json,10000,12,845.903,decode
3,194,off,194,3880757,status_response_fault,json,10000,12,388.0757,encode
4,194,off,194,3808340,status_response_fault,json,10000,12,380.834,encode
4,194,off,194,8410729,status_response_fault,json,10000,12,841.0729,decode
5,194,off,194,7965054,status_response_fault,json,10000,12,796.5054,decode
5,194,off,194,3993913,status_response_fault,json,10000,12,399.3913,encode
6,194,off,194,3801640,status_response_fault,json,10000,12,380.164,encode
6,194,off,194,7901810,status_response_fault,json,10000,12,790.181,decode
7,194,off,194,7810685,status_response_fault,json,10000,12,781.0685,decode
7,194,off,194,3806097,status_response_fault,json,10000,12,380.6097,encode
8,194,off,194,4044107,status_response_fault,json,10000,12,404.4107,encode
8,194,off,194,8968942,status_response_fault,json,10000,12,896.8942,decode
0,36,off,36,3248585,get_status,csv,10000,2,324.8585,encode
0,36,off,36,152877181,get_status,csv,10000,2,15287.7181,decode
1,36,off,36,167335610,get_status,csv,10000,2,16733.561,decode
1,36,off,36,3302445,get_status,csv,10000,2,330.2445,encode
2,36,off,36,3214676,get_status,csv,10000,2,321.4676,encode
2,36,off,36,170608481,get_status,csv,10000,2,17060.8481,decode
3,36,off,36,161123229,get_status,csv,10000,2,16112.3229,decode
3,36,off,36,3275775,get_status,csv,10000,2,327.5775,encode
4,36,off,36,3235737,get_status,csv,10000,2,323.5737,encode
4,36,off,36,164521684,get_status,csv,10000,2,16452.1684,decode
5,36,off,36,161894895,get_status,csv,10000,2,16189.4895,decode
5,36,off,36,3632341,get_status,csv,10000,2,363.2341,encode
6,36,off,36,3352769,get_status,csv,10000,2,335.2769,encode
6,36,off,36,162139155,get_status,csv,10000,2,16213.9155,decode
7,36,off,36,160598560,get_status,csv,10000,2,16059.856,decode
7,36,off,36,3200334,get_status,csv,10000,2,320.0334,encode
8,36,off,36,3346299,get_status,csv,10000,2,334.6299,encode
8,36,off,36,152397072,get_status,csv,10000,2,15239.7072,decode
0,44,on,52,1665833,status_publication_unavailable,protobuf,10000,21,166.5833,encode
0,44,on,52,2353866,status_publication_unavailable,protobuf,10000,21,235.3866,decode
1,44,on,52,2399743,status_publication_unavailable,protobuf,10000,21,239.9743,decode
1,44,on,52,1640916,status_publication_unavailable,protobuf,10000,21,164.0916,encode
2,44,on,52,1670459,status_publication_unavailable,protobuf,10000,21,167.0459,encode
2,44,on,52,2347907,status_publication_unavailable,protobuf,10000,21,234.7907,decode
3,44,on,52,2579177,status_publication_unavailable,protobuf,10000,21,257.9177,decode
3,44,on,52,1716026,status_publication_unavailable,protobuf,10000,21,171.6026,encode
4,44,on,52,1714755,status_publication_unavailable,protobuf,10000,21,171.4755,encode
4,44,on,52,2449967,status_publication_unavailable,protobuf,10000,21,244.9967,decode
5,44,on,52,2420584,status_publication_unavailable,protobuf,10000,21,242.0584,decode
5,44,on,52,1671581,status_publication_unavailable,protobuf,10000,21,167.1581,encode
6,44,on,52,1917123,status_publication_unavailable,protobuf,10000,21,191.7123,encode
6,44,on,52,2429236,status_publication_unavailable,protobuf,10000,21,242.9236,decode
7,44,on,52,2566669,status_publication_unavailable,protobuf,10000,21,256.6669,decode
7,44,on,52,1696898,status_publication_unavailable,protobuf,10000,21,169.6898,encode
8,44,on,52,1686123,status_publication_unavailable,protobuf,10000,21,168.6123,encode
8,44,on,52,3324956,status_publication_unavailable,protobuf,10000,21,332.4956,decode
0,68,off,68,4772597,health_response,csv,10000,13,477.2597,encode
0,68,off,68,164476915,health_response,csv,10000,13,16447.6915,decode
1,68,off,68,179975529,health_response,csv,10000,13,17997.5529,decode
1,68,off,68,5140779,health_response,csv,10000,13,514.0779,encode
2,68,off,68,5705440,health_response,csv,10000,13,570.544,encode
2,68,off,68,168779760,health_response,csv,10000,13,16877.976,decode
3,68,off,68,175042170,health_response,csv,10000,13,17504.217,decode
3,68,off,68,5416325,health_response,csv,10000,13,541.6325,encode
4,68,off,68,4692539,health_response,csv,10000,13,469.2539,encode
4,68,off,68,175268533,health_response,csv,10000,13,17526.8533,decode
5,68,off,68,185833268,health_response,csv,10000,13,18583.3268,decode
5,68,off,68,5651341,health_response,csv,10000,13,565.1341,encode
6,68,off,68,5265002,health_response,csv,10000,13,526.5002,encode
6,68,off,68,179952869,health_response,csv,10000,13,17995.2869,decode
7,68,off,68,178845800,health_response,csv,10000,13,17884.58,decode
7,68,off,68,5288436,health_response,csv,10000,13,528.8436,encode
8,68,off,68,5079469,health_response,csv,10000,13,507.9469,encode
8,68,off,68,162977116,health_response,csv,10000,13,16297.7116,decode
0,52,off,52,4613192,health_publication,csv,10000,22,461.3192,encode
0,52,off,52,172393882,health_publication,csv,10000,22,17239.3882,decode
1,52,off,52,168662387,health_publication,csv,10000,22,16866.2387,decode
1,52,off,52,4800217,health_publication,csv,10000,22,480.0217,encode
2,52,off,52,4910119,health_publication,csv,10000,22,491.0119,encode
2,52,off,52,156769647,health_publication,csv,10000,22,15676.9647,decode
3,52,off,52,181041574,health_publication,csv,10000,22,18104.1574,decode
3,52,off,52,4739408,health_publication,csv,10000,22,473.9408,encode
4,52,off,52,4636767,health_publication,csv,10000,22,463.6767,encode
4,52,off,52,171077418,health_publication,csv,10000,22,17107.7418,decode
5,52,off,52,170852206,health_publication,csv,10000,22,17085.2206,decode
5,52,off,52,4909608,health_publication,csv,10000,22,490.9608,encode
6,52,off,52,4777894,health_publication,csv,10000,22,477.7894,encode
6,52,off,52,174666437,health_publication,csv,10000,22,17466.6437,decode
7,52,off,52,165903376,health_publication,csv,10000,22,16590.3376,decode
7,52,off,52,5098146,health_publication,csv,10000,22,509.8146,encode
8,52,off,52,4899314,health_publication,csv,10000,22,489.9314,encode
8,52,off,52,177350909,health_publication,csv,10000,22,17735.0909,decode
0,156,off,156,2764260,status_publication_fault,json,10000,21,276.426,encode
0,156,off,156,5749875,status_publication_fault,json,10000,21,574.9875,decode
1,156,off,156,5965734,status_publication_fault,json,10000,21,596.5734,decode
1,156,off,156,2710551,status_publication_fault,json,10000,21,271.0551,encode
2,156,off,156,2755447,status_publication_fault,json,10000,21,275.5447,encode
2,156,off,156,5978242,status_publication_fault,json,10000,21,597.8242,decode
3,156,off,156,13452617,status_publication_fault,json,10000,21,1345.2617,decode
3,156,off,156,2729800,status_publication_fault,json,10000,21,272.98,encode
4,156,off,156,2719304,status_publication_fault,json,10000,21,271.9304,encode
4,156,off,156,5829573,status_publication_fault,json,10000,21,582.9573,decode
5,156,off,156,8499585,status_publication_fault,json,10000,21,849.9585,decode
5,156,off,156,2740645,status_publication_fault,json,10000,21,274.0645,encode
6,156,off,156,2716260,status_publication_fault,json,10000,21,271.626,encode
6,156,off,156,5918805,status_publication_fault,json,10000,21,591.8805,decode
7,156,off,156,5817915,status_publication_fault,json,10000,21,581.7915,decode
7,156,off,156,2733024,status_publication_fault,json,10000,21,273.3024,encode
8,156,off,156,2731482,status_publication_fault,json,10000,21,273.1482,encode
8,156,off,156,5819839,status_publication_fault,json,10000,21,581.9839,decode
0,172,off,172,3429139,error_response,json,10000,14,342.9139,encode
0,172,off,172,6570024,error_response,json,10000,14,657.0024,decode
1,172,off,172,7269804,error_response,json,10000,14,726.9804,decode
1,172,off,172,3444141,error_response,json,10000,14,344.4141,encode
2,172,off,172,3416991,error_response,json,10000,14,341.6991,encode
2,172,off,172,6556474,error_response,json,10000,14,655.6474,decode
3,172,off,172,6574239,error_response,json,10000,14,657.4239,decode
3,172,off,172,3462468,error_response,json,10000,14,346.2468,encode
4,172,off,172,3414167,error_response,json,10000,14,341.4167,encode
4,172,off,172,6637302,error_response,json,10000,14,663.7302,decode
5,172,off,172,6568501,error_response,json,10000,14,656.8501,decode
5,172,off,172,3448368,error_response,json,10000,14,344.8368,encode
6,172,off,172,3500104,error_response,json,10000,14,350.0104,encode
6,172,off,172,6582502,error_response,json,10000,14,658.2502,decode
7,172,off,172,6586808,error_response,json,10000,14,658.6808,decode
7,172,off,172,3482497,error_response,json,10000,14,348.2497,encode
8,172,off,172,3435889,error_response,json,10000,14,343.5889,encode
8,172,off,172,6562692,error_response,json,10000,14,656.2692,decode
0,37,on,45,1509823,get_status,protobuf,10000,2,150.9823,encode
0,37,on,45,2140731,get_status,protobuf,10000,2,214.0731,decode
1,37,on,45,2490837,get_status,protobuf,10000,2,249.0837,decode
1,37,on,45,1545285,get_status,protobuf,10000,2,154.5285,encode
2,37,on,45,1544113,get_status,protobuf,10000,2,154.4113,encode
2,37,on,45,2122285,get_status,protobuf,10000,2,212.2285,decode
3,37,on,45,2123036,get_status,protobuf,10000,2,212.3036,decode
3,37,on,45,1495783,get_status,protobuf,10000,2,149.5783,encode
4,37,on,45,1491787,get_status,protobuf,10000,2,149.1787,encode
4,37,on,45,2111299,get_status,protobuf,10000,2,211.1299,decode
5,37,on,45,2116346,get_status,protobuf,10000,2,211.6346,decode
5,37,on,45,1519567,get_status,protobuf,10000,2,151.9567,encode
6,37,on,45,1486739,get_status,protobuf,10000,2,148.6739,encode
6,37,on,45,2161282,get_status,protobuf,10000,2,216.1282,decode
7,37,on,45,2156786,get_status,protobuf,10000,2,215.6786,decode
7,37,on,45,1507840,get_status,protobuf,10000,2,150.784,encode
8,37,on,45,1507920,get_status,protobuf,10000,2,150.792,encode
8,37,on,45,2142335,get_status,protobuf,10000,2,214.2335,decode
0,226,on,234,9359991,device_info_escaping,json,10000,11,935.9991,encode
0,226,on,234,14429635,device_info_escaping,json,10000,11,1442.9635,decode
1,226,on,234,14588740,device_info_escaping,json,10000,11,1458.874,decode
1,226,on,234,9367672,device_info_escaping,json,10000,11,936.7672,encode
2,226,on,234,9335765,device_info_escaping,json,10000,11,933.5765,encode
2,226,on,234,14225304,device_info_escaping,json,10000,11,1422.5304,decode
3,226,on,234,14667765,device_info_escaping,json,10000,11,1466.7765,decode
3,226,on,234,9346120,device_info_escaping,json,10000,11,934.612,encode
4,226,on,234,9317699,device_info_escaping,json,10000,11,931.7699,encode
4,226,on,234,14626365,device_info_escaping,json,10000,11,1462.6365,decode
5,226,on,234,14702818,device_info_escaping,json,10000,11,1470.2818,decode
5,226,on,234,9355144,device_info_escaping,json,10000,11,935.5144,encode
6,226,on,234,9337158,device_info_escaping,json,10000,11,933.7158,encode
6,226,on,234,14952045,device_info_escaping,json,10000,11,1495.2045,decode
7,226,on,234,14755756,device_info_escaping,json,10000,11,1475.5756,decode
7,226,on,234,9370877,device_info_escaping,json,10000,11,937.0877,encode
8,226,on,234,9355214,device_info_escaping,json,10000,11,935.5214,encode
8,226,on,234,14851336,device_info_escaping,json,10000,11,1485.1336,decode
0,214,on,222,8736733,device_info,json,10000,11,873.6733,encode
0,214,on,222,13091275,device_info,json,10000,11,1309.1275,decode
1,214,on,222,13230980,device_info,json,10000,11,1323.098,decode
1,214,on,222,8721030,device_info,json,10000,11,872.103,encode
2,214,on,222,8739458,device_info,json,10000,11,873.9458,encode
2,214,on,222,13039549,device_info,json,10000,11,1303.9549,decode
3,214,on,222,13090314,device_info,json,10000,11,1309.0314,decode
3,214,on,222,9872505,device_info,json,10000,11,987.2505,encode
4,214,on,222,8854247,device_info,json,10000,11,885.4247,encode
4,214,on,222,12354940,device_info,json,10000,11,1235.494,decode
5,214,on,222,12142508,device_info,json,10000,11,1214.2508,decode
5,214,on,222,8727740,device_info,json,10000,11,872.774,encode
6,214,on,222,8744439,device_info,json,10000,11,874.4439,encode
6,214,on,222,12197157,device_info,json,10000,11,1219.7157,decode
7,214,on,222,12355151,device_info,json,10000,11,1235.5151,decode
7,214,on,222,8945006,device_info,json,10000,11,894.5006,encode
8,214,on,222,8735619,device_info,json,10000,11,873.5619,encode
8,214,on,222,12419845,device_info,json,10000,11,1241.9845,decode
0,62,off,62,918774,status_response_fault,protobuf,10000,12,91.8774,encode
0,62,off,62,1728857,status_response_fault,protobuf,10000,12,172.8857,decode
1,62,off,62,1739012,status_response_fault,protobuf,10000,12,173.9012,decode
1,62,off,62,916230,status_response_fault,protobuf,10000,12,91.623,encode
2,62,off,62,902940,status_response_fault,protobuf,10000,12,90.294,encode
2,62,off,62,1748817,status_response_fault,protobuf,10000,12,174.8817,decode
3,62,off,62,1753353,status_response_fault,protobuf,10000,12,175.3353,decode
3,62,off,62,918063,status_response_fault,protobuf,10000,12,91.8063,encode
4,62,off,62,906435,status_response_fault,protobuf,10000,12,90.6435,encode
4,62,off,62,1779421,status_response_fault,protobuf,10000,12,177.9421,decode
5,62,off,62,1734976,status_response_fault,protobuf,10000,12,173.4976,decode
5,62,off,62,907938,status_response_fault,protobuf,10000,12,90.7938,encode
6,62,off,62,906145,status_response_fault,protobuf,10000,12,90.6145,encode
6,62,off,62,1797879,status_response_fault,protobuf,10000,12,179.7879,decode
7,62,off,62,1782115,status_response_fault,protobuf,10000,12,178.2115,decode
7,62,off,62,911222,status_response_fault,protobuf,10000,12,91.1222,encode
8,62,off,62,919865,status_response_fault,protobuf,10000,12,91.9865,encode
8,62,off,62,1788184,status_response_fault,protobuf,10000,12,178.8184,decode
0,221,off,221,4053311,status_response_valid,json,10000,12,405.3311,encode
0,221,off,221,7894850,status_response_valid,json,10000,12,789.485,decode
1,221,off,221,8356619,status_response_valid,json,10000,12,835.6619,decode
1,221,off,221,4131926,status_response_valid,json,10000,12,413.1926,encode
2,221,off,221,4039471,status_response_valid,json,10000,12,403.9471,encode
2,221,off,221,8961511,status_response_valid,json,10000,12,896.1511,decode
3,221,off,221,8275720,status_response_valid,json,10000,12,827.572,decode
3,221,off,221,4118196,status_response_valid,json,10000,12,411.8196,encode
4,221,off,221,4119669,status_response_valid,json,10000,12,411.9669,encode
4,221,off,221,8246717,status_response_valid,json,10000,12,824.6717,decode
5,221,off,221,8321648,status_response_valid,json,10000,12,832.1648,decode
5,221,off,221,4102584,status_response_valid,json,10000,12,410.2584,encode
6,221,off,221,4070497,status_response_valid,json,10000,12,407.0497,encode
6,221,off,221,8535403,status_response_valid,json,10000,12,853.5403,decode
7,221,off,221,8232257,status_response_valid,json,10000,12,823.2257,decode
7,221,off,221,4136013,status_response_valid,json,10000,12,413.6013,encode
8,221,off,221,4063917,status_response_valid,json,10000,12,406.3917,encode
8,221,off,221,8255501,status_response_valid,json,10000,12,825.5501,decode
0,37,on,45,1500861,get_health,protobuf,10000,3,150.0861,encode
0,37,on,45,2229865,get_health,protobuf,10000,3,222.9865,decode
1,37,on,45,2114865,get_health,protobuf,10000,3,211.4865,decode
1,37,on,45,1514661,get_health,protobuf,10000,3,151.4661,encode
2,37,on,45,1493550,get_health,protobuf,10000,3,149.355,encode
2,37,on,45,2155285,get_health,protobuf,10000,3,215.5285,decode
3,37,on,45,2131290,get_health,protobuf,10000,3,213.129,decode
3,37,on,45,1515142,get_health,protobuf,10000,3,151.5142,encode
4,37,on,45,1500119,get_health,protobuf,10000,3,150.0119,encode
4,37,on,45,2225097,get_health,protobuf,10000,3,222.5097,decode
5,37,on,45,2163777,get_health,protobuf,10000,3,216.3777,decode
5,37,on,45,1516303,get_health,protobuf,10000,3,151.6303,encode
6,37,on,45,1503104,get_health,protobuf,10000,3,150.3104,encode
6,37,on,45,2137989,get_health,protobuf,10000,3,213.7989,decode
7,37,on,45,2151499,get_health,protobuf,10000,3,215.1499,decode
7,37,on,45,1502062,get_health,protobuf,10000,3,150.2062,encode
8,37,on,45,1522883,get_health,protobuf,10000,3,152.2883,encode
8,37,on,45,2145491,get_health,protobuf,10000,3,214.5491,decode
0,60,off,60,3814339,error_response,csv,10000,14,381.4339,encode
0,60,off,60,151458889,error_response,csv,10000,14,15145.8889,decode
1,60,off,60,150405078,error_response,csv,10000,14,15040.5078,decode
1,60,off,60,3782632,error_response,csv,10000,14,378.2632,encode
2,60,off,60,3750936,error_response,csv,10000,14,375.0936,encode
2,60,off,60,150728945,error_response,csv,10000,14,15072.8945,decode
3,60,off,60,164703244,error_response,csv,10000,14,16470.3244,decode
3,60,off,60,3906494,error_response,csv,10000,14,390.6494,encode
4,60,off,60,3923720,error_response,csv,10000,14,392.372,encode
4,60,off,60,173114170,error_response,csv,10000,14,17311.417,decode
5,60,off,60,156832937,error_response,csv,10000,14,15683.2937,decode
5,60,off,60,3912514,error_response,csv,10000,14,391.2514,encode
6,60,off,60,3679860,error_response,csv,10000,14,367.986,encode
6,60,off,60,158103508,error_response,csv,10000,14,15810.3508,decode
7,60,off,60,159017055,error_response,csv,10000,14,15901.7055,decode
7,60,off,60,4440802,error_response,csv,10000,14,444.0802,encode
8,60,off,60,3867107,error_response,csv,10000,14,386.7107,encode
8,60,off,60,177645145,error_response,csv,10000,14,17764.5145,decode
0,37,on,45,1613727,get_device_info,protobuf,10000,1,161.3727,encode
0,37,on,45,2205048,get_device_info,protobuf,10000,1,220.5048,decode
1,37,on,45,2601632,get_device_info,protobuf,10000,1,260.1632,decode
1,37,on,45,1552938,get_device_info,protobuf,10000,1,155.2938,encode
2,37,on,45,1547149,get_device_info,protobuf,10000,1,154.7149,encode
2,37,on,45,2171529,get_device_info,protobuf,10000,1,217.1529,decode
3,37,on,45,2218778,get_device_info,protobuf,10000,1,221.8778,decode
3,37,on,45,1579587,get_device_info,protobuf,10000,1,157.9587,encode
4,37,on,45,1510575,get_device_info,protobuf,10000,1,151.0575,encode
4,37,on,45,2116428,get_device_info,protobuf,10000,1,211.6428,decode
5,37,on,45,2164999,get_device_info,protobuf,10000,1,216.4999,decode
5,37,on,45,1507020,get_device_info,protobuf,10000,1,150.702,encode
6,37,on,45,1562221,get_device_info,protobuf,10000,1,156.2221,encode
6,37,on,45,2207752,get_device_info,protobuf,10000,1,220.7752,decode
7,37,on,45,2160493,get_device_info,protobuf,10000,1,216.0493,decode
7,37,on,45,1751881,get_device_info,protobuf,10000,1,175.1881,encode
8,37,on,45,1772732,get_device_info,protobuf,10000,1,177.2732,encode
8,37,on,45,2209094,get_device_info,protobuf,10000,1,220.9094,decode
0,36,off,36,3286501,get_health,csv,10000,3,328.6501,encode
0,36,off,36,173464240,get_health,csv,10000,3,17346.424,decode
1,36,off,36,164308739,get_health,csv,10000,3,16430.8739,decode
1,36,off,36,3414039,get_health,csv,10000,3,341.4039,encode
2,36,off,36,3443122,get_health,csv,10000,3,344.3122,encode
2,36,off,36,151525659,get_health,csv,10000,3,15152.5659,decode
3,36,off,36,158561673,get_health,csv,10000,3,15856.1673,decode
3,36,off,36,3295655,get_health,csv,10000,3,329.5655,encode
4,36,off,36,3170160,get_health,csv,10000,3,317.016,encode
4,36,off,36,160356928,get_health,csv,10000,3,16035.6928,decode
5,36,off,36,163277760,get_health,csv,10000,3,16327.776,decode
5,36,off,36,3339009,get_health,csv,10000,3,333.9009,encode
6,36,off,36,3570350,get_health,csv,10000,3,357.035,encode
6,36,off,36,161603794,get_health,csv,10000,3,16160.3794,decode
7,36,off,36,162404494,get_health,csv,10000,3,16240.4494,decode
7,36,off,36,3224490,get_health,csv,10000,3,322.449,encode
8,36,off,36,3372739,get_health,csv,10000,3,337.2739,encode
8,36,off,36,155949475,get_health,csv,10000,3,15594.9475,decode
0,62,on,70,2259538,status_response_fault,protobuf,10000,12,225.9538,encode
0,62,on,70,3326720,status_response_fault,protobuf,10000,12,332.672,decode
1,62,on,70,3148448,status_response_fault,protobuf,10000,12,314.8448,decode
1,62,on,70,2400085,status_response_fault,protobuf,10000,12,240.0085,encode
2,62,on,70,2390942,status_response_fault,protobuf,10000,12,239.0942,encode
2,62,on,70,3235186,status_response_fault,protobuf,10000,12,323.5186,decode
3,62,on,70,3142689,status_response_fault,protobuf,10000,12,314.2689,decode
3,62,on,70,2387897,status_response_fault,protobuf,10000,12,238.7897,encode
4,62,on,70,2645828,status_response_fault,protobuf,10000,12,264.5828,encode
4,62,on,70,3380240,status_response_fault,protobuf,10000,12,338.024,decode
5,62,on,70,3342685,status_response_fault,protobuf,10000,12,334.2685,decode
5,62,on,70,2619178,status_response_fault,protobuf,10000,12,261.9178,encode
6,62,on,70,2327969,status_response_fault,protobuf,10000,12,232.7969,encode
6,62,on,70,3375773,status_response_fault,protobuf,10000,12,337.5773,decode
7,62,on,70,3253463,status_response_fault,protobuf,10000,12,325.3463,decode
7,62,on,70,2517779,status_response_fault,protobuf,10000,12,251.7779,encode
8,62,on,70,2381087,status_response_fault,protobuf,10000,12,238.1087,encode
8,62,on,70,3441630,status_response_fault,protobuf,10000,12,344.163,decode
0,68,off,68,975628,health_response,protobuf,10000,13,97.5628,encode
0,68,off,68,1953488,health_response,protobuf,10000,13,195.3488,decode
1,68,off,68,2191298,health_response,protobuf,10000,13,219.1298,decode
1,68,off,68,1094713,health_response,protobuf,10000,13,109.4713,encode
2,68,off,68,1256811,health_response,protobuf,10000,13,125.6811,encode
2,68,off,68,2115747,health_response,protobuf,10000,13,211.5747,decode
3,68,off,68,2016711,health_response,protobuf,10000,13,201.6711,decode
3,68,off,68,1021685,health_response,protobuf,10000,13,102.1685,encode
4,68,off,68,1118858,health_response,protobuf,10000,13,111.8858,encode
4,68,off,68,1891206,health_response,protobuf,10000,13,189.1206,decode
5,68,off,68,2249594,health_response,protobuf,10000,13,224.9594,decode
5,68,off,68,1152889,health_response,protobuf,10000,13,115.2889,encode
6,68,off,68,1004981,health_response,protobuf,10000,13,100.4981,encode
6,68,off,68,1942392,health_response,protobuf,10000,13,194.2392,decode
7,68,off,68,2330163,health_response,protobuf,10000,13,233.0163,decode
7,68,off,68,1033352,health_response,protobuf,10000,13,103.3352,encode
8,68,off,68,1181771,health_response,protobuf,10000,13,118.1771,encode
8,68,off,68,2070230,health_response,protobuf,10000,13,207.023,decode
0,121,off,121,2435407,get_status,json,10000,2,243.5407,encode
0,121,off,121,5277584,get_status,json,10000,2,527.7584,decode
1,121,off,121,5287960,get_status,json,10000,2,528.796,decode
1,121,off,121,2320558,get_status,json,10000,2,232.0558,encode
2,121,off,121,2316052,get_status,json,10000,2,231.6052,encode
2,121,off,121,5041917,get_status,json,10000,2,504.1917,decode
3,121,off,121,5442257,get_status,json,10000,2,544.2257,decode
3,121,off,121,2526962,get_status,json,10000,2,252.6962,encode
4,121,off,121,2418763,get_status,json,10000,2,241.8763,encode
4,121,off,121,5876016,get_status,json,10000,2,587.6016,decode
5,121,off,121,4658402,get_status,json,10000,2,465.8402,decode
5,121,off,121,2281691,get_status,json,10000,2,228.1691,encode
6,121,off,121,2286478,get_status,json,10000,2,228.6478,encode
6,121,off,121,5151789,get_status,json,10000,2,515.1789,decode
7,121,off,121,6224199,get_status,json,10000,2,622.4199,decode
7,121,off,121,2698696,get_status,json,10000,2,269.8696,encode
8,121,off,121,2574022,get_status,json,10000,2,257.4022,encode
8,121,off,121,6909508,get_status,json,10000,2,690.9508,decode
0,60,on,68,5161884,error_response,csv,10000,14,516.1884,encode
0,60,on,68,183045740,error_response,csv,10000,14,18304.574,decode
1,60,on,68,168756246,error_response,csv,10000,14,16875.6246,decode
1,60,on,68,5019714,error_response,csv,10000,14,501.9714,encode
2,60,on,68,5067665,error_response,csv,10000,14,506.7665,encode
2,60,on,68,175233763,error_response,csv,10000,14,17523.3763,decode
3,60,on,68,180030853,error_response,csv,10000,14,18003.0853,decode
3,60,on,68,5346793,error_response,csv,10000,14,534.6793,encode
4,60,on,68,5188229,error_response,csv,10000,14,518.8229,encode
4,60,on,68,166672429,error_response,csv,10000,14,16667.2429,decode
5,60,on,68,176169891,error_response,csv,10000,14,17616.9891,decode
5,60,on,68,6808303,error_response,csv,10000,14,680.8303,encode
6,60,on,68,7933431,error_response,csv,10000,14,793.3431,encode
6,60,on,68,177922166,error_response,csv,10000,14,17792.2166,decode
7,60,on,68,181518506,error_response,csv,10000,14,18151.8506,decode
7,60,on,68,5203271,error_response,csv,10000,14,520.3271,encode
8,60,on,68,5231271,error_response,csv,10000,14,523.1271,encode
8,60,on,68,162350896,error_response,csv,10000,14,16235.0896,decode
0,44,off,44,755613,status_publication_unavailable,protobuf,10000,21,75.5613,encode
0,44,off,44,1538205,status_publication_unavailable,protobuf,10000,21,153.8205,decode
1,44,off,44,1703308,status_publication_unavailable,protobuf,10000,21,170.3308,decode
1,44,off,44,778155,status_publication_unavailable,protobuf,10000,21,77.8155,encode
2,44,off,44,810273,status_publication_unavailable,protobuf,10000,21,81.0273,encode
2,44,off,44,1474531,status_publication_unavailable,protobuf,10000,21,147.4531,decode
3,44,off,44,1461742,status_publication_unavailable,protobuf,10000,21,146.1742,decode
3,44,off,44,755713,status_publication_unavailable,protobuf,10000,21,75.5713,encode
4,44,off,44,741682,status_publication_unavailable,protobuf,10000,21,74.1682,encode
4,44,off,44,1446790,status_publication_unavailable,protobuf,10000,21,144.679,decode
5,44,off,44,1497305,status_publication_unavailable,protobuf,10000,21,149.7305,decode
5,44,off,44,969016,status_publication_unavailable,protobuf,10000,21,96.9016,encode
6,44,off,44,760560,status_publication_unavailable,protobuf,10000,21,76.056,encode
6,44,off,44,1702787,status_publication_unavailable,protobuf,10000,21,170.2787,decode
7,44,off,44,1495572,status_publication_unavailable,protobuf,10000,21,149.5572,decode
7,44,off,44,798265,status_publication_unavailable,protobuf,10000,21,79.8265,encode
8,44,off,44,726840,status_publication_unavailable,protobuf,10000,21,72.684,encode
8,44,off,44,1446049,status_publication_unavailable,protobuf,10000,21,144.6049,decode
0,70,on,78,5979103,status_response_valid,csv,10000,12,597.9103,encode
0,70,on,78,154727953,status_response_valid,csv,10000,12,15472.7953,decode
1,70,on,78,167490503,status_response_valid,csv,10000,12,16749.0503,decode
1,70,on,78,6421965,status_response_valid,csv,10000,12,642.1965,encode
2,70,on,78,6031270,status_response_valid,csv,10000,12,603.127,encode
2,70,on,78,156469847,status_response_valid,csv,10000,12,15646.9847,decode
3,70,on,78,155109625,status_response_valid,csv,10000,12,15510.9625,decode
3,70,on,78,6134672,status_response_valid,csv,10000,12,613.4672,encode
4,70,on,78,6042907,status_response_valid,csv,10000,12,604.2907,encode
4,70,on,78,160651344,status_response_valid,csv,10000,12,16065.1344,decode
5,70,on,78,166220984,status_response_valid,csv,10000,12,16622.0984,decode
5,70,on,78,5985972,status_response_valid,csv,10000,12,598.5972,encode
6,70,on,78,6098249,status_response_valid,csv,10000,12,609.8249,encode
6,70,on,78,166114342,status_response_valid,csv,10000,12,16611.4342,decode
7,70,on,78,171423534,status_response_valid,csv,10000,12,17142.3534,decode
7,70,on,78,6636511,status_response_valid,csv,10000,12,663.6511,encode
8,70,on,78,6253217,status_response_valid,csv,10000,12,625.3217,encode
8,70,on,78,168952681,status_response_valid,csv,10000,12,16895.2681,decode
0,260,off,260,4139334,health_response,json,10000,13,413.9334,encode
0,260,off,260,9265762,health_response,json,10000,13,926.5762,decode
1,260,off,260,9285170,health_response,json,10000,13,928.517,decode
1,260,off,260,4321312,health_response,json,10000,13,432.1312,encode
2,260,off,260,4405776,health_response,json,10000,13,440.5776,encode
2,260,off,260,9312951,health_response,json,10000,13,931.2951,decode
3,260,off,260,9238431,health_response,json,10000,13,923.8431,decode
3,260,off,260,4101138,health_response,json,10000,13,410.1138,encode
4,260,off,260,4192272,health_response,json,10000,13,419.2272,encode
4,260,off,260,9130523,health_response,json,10000,13,913.0523,decode
5,260,off,260,9224381,health_response,json,10000,13,922.4381,decode
5,260,off,260,4355132,health_response,json,10000,13,435.5132,encode
6,260,off,260,4143240,health_response,json,10000,13,414.324,encode
6,260,off,260,9089863,health_response,json,10000,13,908.9863,decode
7,260,off,260,9591732,health_response,json,10000,13,959.1732,decode
7,260,off,260,4112194,health_response,json,10000,13,411.2194,encode
8,260,off,260,4090492,health_response,json,10000,13,409.0492,encode
8,260,off,260,9342876,health_response,json,10000,13,934.2876,decode
0,36,on,44,4041440,get_status,csv,10000,2,404.144,encode
0,36,on,44,157533754,get_status,csv,10000,2,15753.3754,decode
1,36,on,44,171957009,get_status,csv,10000,2,17195.7009,decode
1,36,on,44,4390194,get_status,csv,10000,2,439.0194,encode
2,36,on,44,4201396,get_status,csv,10000,2,420.1396,encode
2,36,on,44,165089078,get_status,csv,10000,2,16508.9078,decode
3,36,on,44,173319335,get_status,csv,10000,2,17331.9335,decode
3,36,on,44,4807268,get_status,csv,10000,2,480.7268,encode
4,36,on,44,4746148,get_status,csv,10000,2,474.6148,encode
4,36,on,44,161101286,get_status,csv,10000,2,16110.1286,decode
5,36,on,44,159652563,get_status,csv,10000,2,15965.2563,decode
5,36,on,44,4051655,get_status,csv,10000,2,405.1655,encode
6,36,on,44,3948894,get_status,csv,10000,2,394.8894,encode
6,36,on,44,155544996,get_status,csv,10000,2,15554.4996,decode
7,36,on,44,169101415,get_status,csv,10000,2,16910.1415,decode
7,36,on,44,4077703,get_status,csv,10000,2,407.7703,encode
8,36,on,44,4062791,get_status,csv,10000,2,406.2791,encode
8,36,on,44,158269259,get_status,csv,10000,2,15826.9259,decode
0,68,on,76,2524238,health_response,protobuf,10000,13,252.4238,encode
0,68,on,76,3383154,health_response,protobuf,10000,13,338.3154,decode
1,68,on,76,3337567,health_response,protobuf,10000,13,333.7567,decode
1,68,on,76,2463869,health_response,protobuf,10000,13,246.3869,encode
2,68,on,76,2716952,health_response,protobuf,10000,13,271.6952,encode
2,68,on,76,3377255,health_response,protobuf,10000,13,337.7255,decode
3,68,on,76,3357225,health_response,protobuf,10000,13,335.7225,decode
3,68,on,76,2522285,health_response,protobuf,10000,13,252.2285,encode
4,68,on,76,2483939,health_response,protobuf,10000,13,248.3939,encode
4,68,on,76,3333641,health_response,protobuf,10000,13,333.3641,decode
5,68,on,76,3304537,health_response,protobuf,10000,13,330.4537,decode
5,68,on,76,2480614,health_response,protobuf,10000,13,248.0614,encode
6,68,on,76,2452092,health_response,protobuf,10000,13,245.2092,encode
6,68,on,76,3395672,health_response,protobuf,10000,13,339.5672,decode
7,68,on,76,3365047,health_response,protobuf,10000,13,336.5047,decode
7,68,on,76,2464050,health_response,protobuf,10000,13,246.405,encode
8,68,on,76,2451400,health_response,protobuf,10000,13,245.14,encode
8,68,on,76,3578301,health_response,protobuf,10000,13,357.8301,decode
0,67,on,75,2889176,status_response_zero,protobuf,10000,12,288.9176,encode
0,67,on,75,3264419,status_response_zero,protobuf,10000,12,326.4419,decode
1,67,on,75,3654864,status_response_zero,protobuf,10000,12,365.4864,decode
1,67,on,75,2580120,status_response_zero,protobuf,10000,12,258.012,encode
2,67,on,75,2402188,status_response_zero,protobuf,10000,12,240.2188,encode
2,67,on,75,3258680,status_response_zero,protobuf,10000,12,325.868,decode
3,67,on,75,3231329,status_response_zero,protobuf,10000,12,323.1329,decode
3,67,on,75,2396710,status_response_zero,protobuf,10000,12,239.671,encode
4,67,on,75,2407447,status_response_zero,protobuf,10000,12,240.7447,encode
4,67,on,75,3674683,status_response_zero,protobuf,10000,12,367.4683,decode
5,67,on,75,3338398,status_response_zero,protobuf,10000,12,333.8398,decode
5,67,on,75,2594332,status_response_zero,protobuf,10000,12,259.4332,encode
6,67,on,75,2419313,status_response_zero,protobuf,10000,12,241.9313,encode
6,67,on,75,3214325,status_response_zero,protobuf,10000,12,321.4325,decode
7,67,on,75,3202017,status_response_zero,protobuf,10000,12,320.2017,decode
7,67,on,75,2369810,status_response_zero,protobuf,10000,12,236.981,encode
8,67,on,75,2411031,status_response_zero,protobuf,10000,12,241.1031,encode
8,67,on,75,3203820,status_response_zero,protobuf,10000,12,320.382,decode
0,71,off,71,3956368,device_info,csv,10000,11,395.6368,encode
0,71,off,71,158676603,device_info,csv,10000,11,15867.6603,decode
1,71,off,71,159274735,device_info,csv,10000,11,15927.4735,decode
1,71,off,71,4363858,device_info,csv,10000,11,436.3858,encode
2,71,off,71,4004298,device_info,csv,10000,11,400.4298,encode
2,71,off,71,159840639,device_info,csv,10000,11,15984.0639,decode
3,71,off,71,160504667,device_info,csv,10000,11,16050.4667,decode
3,71,off,71,4033201,device_info,csv,10000,11,403.3201,encode
4,71,off,71,4059320,device_info,csv,10000,11,405.932,encode
4,71,off,71,160078379,device_info,csv,10000,11,16007.8379,decode
5,71,off,71,159340561,device_info,csv,10000,11,15934.0561,decode
5,71,off,71,3918312,device_info,csv,10000,11,391.8312,encode
6,71,off,71,3949338,device_info,csv,10000,11,394.9338,encode
6,71,off,71,163534940,device_info,csv,10000,11,16353.494,decode
7,71,off,71,168024574,device_info,csv,10000,11,16802.4574,decode
7,71,off,71,4164033,device_info,csv,10000,11,416.4033,encode
8,71,off,71,4054553,device_info,csv,10000,11,405.4553,encode
8,71,off,71,156919525,device_info,csv,10000,11,15691.9525,decode
0,81,off,81,1113139,device_info_escaping,protobuf,10000,11,111.3139,encode
0,81,off,81,1891015,device_info_escaping,protobuf,10000,11,189.1015,decode
1,81,off,81,2061878,device_info_escaping,protobuf,10000,11,206.1878,decode
1,81,off,81,1109634,device_info_escaping,protobuf,10000,11,110.9634,encode
2,81,off,81,1048024,device_info_escaping,protobuf,10000,11,104.8024,encode
2,81,off,81,1976872,device_info_escaping,protobuf,10000,11,197.6872,decode
3,81,off,81,1909212,device_info_escaping,protobuf,10000,11,190.9212,decode
3,81,off,81,1051449,device_info_escaping,protobuf,10000,11,105.1449,encode
4,81,off,81,1044058,device_info_escaping,protobuf,10000,11,104.4058,encode
4,81,off,81,1867330,device_info_escaping,protobuf,10000,11,186.733,decode
5,81,off,81,2182315,device_info_escaping,protobuf,10000,11,218.2315,decode
5,81,off,81,1054172,device_info_escaping,protobuf,10000,11,105.4172,encode
6,81,off,81,1447067,device_info_escaping,protobuf,10000,11,144.7067,encode
6,81,off,81,2226470,device_info_escaping,protobuf,10000,11,222.647,decode
7,81,off,81,2273048,device_info_escaping,protobuf,10000,11,227.3048,decode
7,81,off,81,1132098,device_info_escaping,protobuf,10000,11,113.2098,encode
8,81,off,81,1124937,device_info_escaping,protobuf,10000,11,112.4937,encode
8,81,off,81,2735320,device_info_escaping,protobuf,10000,11,273.532,decode
0,220,on,228,9667700,status_response_zero,json,10000,12,966.77,encode
0,220,on,228,13576258,status_response_zero,json,10000,12,1357.6258,decode
1,220,on,228,18994274,status_response_zero,json,10000,12,1899.4274,decode
1,220,on,228,9330794,status_response_zero,json,10000,12,933.0794,encode
2,220,on,228,9074246,status_response_zero,json,10000,12,907.4246,encode
2,220,on,228,14537063,status_response_zero,json,10000,12,1453.7063,decode
3,220,on,228,13853957,status_response_zero,json,10000,12,1385.3957,decode
3,220,on,228,10836643,status_response_zero,json,10000,12,1083.6643,encode
4,220,on,228,9595279,status_response_zero,json,10000,12,959.5279,encode
4,220,on,228,12930697,status_response_zero,json,10000,12,1293.0697,decode
5,220,on,228,13954486,status_response_zero,json,10000,12,1395.4486,decode
5,220,on,228,9144911,status_response_zero,json,10000,12,914.4911,encode
6,220,on,228,8917276,status_response_zero,json,10000,12,891.7276,encode
6,220,on,228,13340561,status_response_zero,json,10000,12,1334.0561,decode
7,220,on,228,13399347,status_response_zero,json,10000,12,1339.9347,decode
7,220,on,228,10208433,status_response_zero,json,10000,12,1020.8433,encode
8,220,on,228,9706719,status_response_zero,json,10000,12,970.6719,encode
8,220,on,228,14509383,status_response_zero,json,10000,12,1450.9383,decode
0,222,on,230,10947445,health_publication,json,10000,22,1094.7445,encode
0,222,on,230,14804397,health_publication,json,10000,22,1480.4397,decode
1,222,on,230,14885306,health_publication,json,10000,22,1488.5306,decode
1,222,on,230,9966241,health_publication,json,10000,22,996.6241,encode
2,222,on,230,9318086,health_publication,json,10000,22,931.8086,encode
2,222,on,230,14148051,health_publication,json,10000,22,1414.8051,decode
3,222,on,230,14418608,health_publication,json,10000,22,1441.8608,decode
3,222,on,230,10504734,health_publication,json,10000,22,1050.4734,encode
4,222,on,230,9263134,health_publication,json,10000,22,926.3134,encode
4,222,on,230,16006728,health_publication,json,10000,22,1600.6728,decode
5,222,on,230,14117565,health_publication,json,10000,22,1411.7565,decode
5,222,on,230,10237821,health_publication,json,10000,22,1023.7821,encode
6,222,on,230,9177990,health_publication,json,10000,22,917.799,encode
6,222,on,230,14955279,health_publication,json,10000,22,1495.5279,decode
7,222,on,230,16922767,health_publication,json,10000,22,1692.2767,decode
7,222,on,230,9767998,health_publication,json,10000,22,976.7998,encode
8,222,on,230,11229191,health_publication,json,10000,22,1122.9191,encode
8,222,on,230,13830042,health_publication,json,10000,22,1383.0042,decode
0,66,off,66,6391936,status_response_unavailable,csv,10000,12,639.1936,encode
0,66,off,66,171065212,status_response_unavailable,csv,10000,12,17106.5212,decode
1,66,off,66,167432236,status_response_unavailable,csv,10000,12,16743.2236,decode
1,66,off,66,4161210,status_response_unavailable,csv,10000,12,416.121,encode
2,66,off,66,4282919,status_response_unavailable,csv,10000,12,428.2919,encode
2,66,off,66,163928550,status_response_unavailable,csv,10000,12,16392.855,decode
3,66,off,66,169813389,status_response_unavailable,csv,10000,12,16981.3389,decode
3,66,off,66,4406761,status_response_unavailable,csv,10000,12,440.6761,encode
4,66,off,66,4557503,status_response_unavailable,csv,10000,12,455.7503,encode
4,66,off,66,157329600,status_response_unavailable,csv,10000,12,15732.96,decode
5,66,off,66,154675080,status_response_unavailable,csv,10000,12,15467.508,decode
5,66,off,66,3984399,status_response_unavailable,csv,10000,12,398.4399,encode
6,66,off,66,3959192,status_response_unavailable,csv,10000,12,395.9192,encode
6,66,off,66,153527809,status_response_unavailable,csv,10000,12,15352.7809,decode
7,66,off,66,157694507,status_response_unavailable,csv,10000,12,15769.4507,decode
7,66,off,66,4015716,status_response_unavailable,csv,10000,12,401.5716,encode
8,66,off,66,4117084,status_response_unavailable,csv,10000,12,411.7084,encode
8,66,off,66,163821172,status_response_unavailable,csv,10000,12,16382.1172,decode
0,156,on,164,6669364,status_publication_unavailable,json,10000,21,666.9364,encode
0,156,on,164,10888639,status_publication_unavailable,json,10000,21,1088.8639,decode
1,156,on,164,9408499,status_publication_unavailable,json,10000,21,940.8499,decode
1,156,on,164,9945009,status_publication_unavailable,json,10000,21,994.5009,encode
2,156,on,164,6138572,status_publication_unavailable,json,10000,21,613.8572,encode
2,156,on,164,8984444,status_publication_unavailable,json,10000,21,898.4444,decode
3,156,on,164,9445373,status_publication_unavailable,json,10000,21,944.5373,decode
3,156,on,164,6088178,status_publication_unavailable,json,10000,21,608.8178,encode
4,156,on,164,6147235,status_publication_unavailable,json,10000,21,614.7235,encode
4,156,on,164,12927974,status_publication_unavailable,json,10000,21,1292.7974,decode
5,156,on,164,9391174,status_publication_unavailable,json,10000,21,939.1174,decode
5,156,on,164,6265499,status_publication_unavailable,json,10000,21,626.5499,encode
6,156,on,164,6163999,status_publication_unavailable,json,10000,21,616.3999,encode
6,156,on,164,9510489,status_publication_unavailable,json,10000,21,951.0489,decode
7,156,on,164,9215996,status_publication_unavailable,json,10000,21,921.5996,decode
7,156,on,164,6224999,status_publication_unavailable,json,10000,21,622.4999,encode
8,156,on,164,6670506,status_publication_unavailable,json,10000,21,667.0506,encode
8,156,on,164,10651510,status_publication_unavailable,json,10000,21,1065.151,decode
0,36,on,44,3894877,get_health,csv,10000,3,389.4877,encode
0,36,on,44,166058035,get_health,csv,10000,3,16605.8035,decode
1,36,on,44,163194788,get_health,csv,10000,3,16319.4788,decode
1,36,on,44,4518906,get_health,csv,10000,3,451.8906,encode
2,36,on,44,4128090,get_health,csv,10000,3,412.809,encode
2,36,on,44,166051710,get_health,csv,10000,3,16605.171,decode
3,36,on,44,164482604,get_health,csv,10000,3,16448.2604,decode
3,36,on,44,4257581,get_health,csv,10000,3,425.7581,encode
4,36,on,44,4105697,get_health,csv,10000,3,410.5697,encode
4,36,on,44,160377648,get_health,csv,10000,3,16037.7648,decode
5,36,on,44,169120185,get_health,csv,10000,3,16912.0185,decode
5,36,on,44,4949721,get_health,csv,10000,3,494.9721,encode
6,36,on,44,4470714,get_health,csv,10000,3,447.0714,encode
6,36,on,44,184862853,get_health,csv,10000,3,18486.2853,decode
7,36,on,44,176862633,get_health,csv,10000,3,17686.2633,decode
7,36,on,44,4580187,get_health,csv,10000,3,458.0187,encode
8,36,on,44,4239594,get_health,csv,10000,3,423.9594,encode
8,36,on,44,162992213,get_health,csv,10000,3,16299.2213,decode
0,49,off,49,775953,status_publication_valid,protobuf,10000,21,77.5953,encode
0,49,off,49,2068417,status_publication_valid,protobuf,10000,21,206.8417,decode
1,49,off,49,1759071,status_publication_valid,protobuf,10000,21,175.9071,decode
1,49,off,49,873016,status_publication_valid,protobuf,10000,21,87.3016,encode
2,49,off,49,780119,status_publication_valid,protobuf,10000,21,78.0119,encode
2,49,off,49,1527740,status_publication_valid,protobuf,10000,21,152.774,decode
3,49,off,49,1575010,status_publication_valid,protobuf,10000,21,157.501,decode
3,49,off,49,926134,status_publication_valid,protobuf,10000,21,92.6134,encode
4,49,off,49,762393,status_publication_valid,protobuf,10000,21,76.2393,encode
4,49,off,49,1620677,status_publication_valid,protobuf,10000,21,162.0677,decode
5,49,off,49,1571034,status_publication_valid,protobuf,10000,21,157.1034,decode
5,49,off,49,775452,status_publication_valid,protobuf,10000,21,77.5452,encode
6,49,off,49,1187849,status_publication_valid,protobuf,10000,21,118.7849,encode
6,49,off,49,1643531,status_publication_valid,protobuf,10000,21,164.3531,decode
7,49,off,49,1879768,status_publication_valid,protobuf,10000,21,187.9768,decode
7,49,off,49,1245264,status_publication_valid,protobuf,10000,21,124.5264,encode
8,49,off,49,1875112,status_publication_valid,protobuf,10000,21,187.5112,encode
8,49,off,49,1994568,status_publication_valid,protobuf,10000,21,199.4568,decode
0,44,on,52,1782566,status_publication_fault,protobuf,10000,21,178.2566,encode
0,44,on,52,2422658,status_publication_fault,protobuf,10000,21,242.2658,decode
1,44,on,52,2481165,status_publication_fault,protobuf,10000,21,248.1165,decode
1,44,on,52,1811729,status_publication_fault,protobuf,10000,21,181.1729,encode
2,44,on,52,1659114,status_publication_fault,protobuf,10000,21,165.9114,encode
2,44,on,52,2664114,status_publication_fault,protobuf,10000,21,266.4114,decode
3,44,on,52,2391392,status_publication_fault,protobuf,10000,21,239.1392,decode
3,44,on,52,1835243,status_publication_fault,protobuf,10000,21,183.5243,encode
4,44,on,52,1684541,status_publication_fault,protobuf,10000,21,168.4541,encode
4,44,on,52,2500052,status_publication_fault,protobuf,10000,21,250.0052,decode
5,44,on,52,2659607,status_publication_fault,protobuf,10000,21,265.9607,decode
5,44,on,52,1943613,status_publication_fault,protobuf,10000,21,194.3613,encode
6,44,on,52,1652003,status_publication_fault,protobuf,10000,21,165.2003,encode
6,44,on,52,2419804,status_publication_fault,protobuf,10000,21,241.9804,decode
7,44,on,52,2430329,status_publication_fault,protobuf,10000,21,243.0329,decode
7,44,on,52,1675107,status_publication_fault,protobuf,10000,21,167.5107,encode
8,44,on,52,1979185,status_publication_fault,protobuf,10000,21,197.9185,encode
8,44,on,52,2628561,status_publication_fault,protobuf,10000,21,262.8561,decode
0,126,off,126,2373315,get_device_info,json,10000,1,237.3315,encode
0,126,off,126,4876313,get_device_info,json,10000,1,487.6313,decode
1,126,off,126,7962928,get_device_info,json,10000,1,796.2928,decode
1,126,off,126,4280079,get_device_info,json,10000,1,428.0079,encode
2,126,off,126,3266611,get_device_info,json,10000,1,326.6611,encode
2,126,off,126,5542284,get_device_info,json,10000,1,554.2284,decode
3,126,off,126,5316791,get_device_info,json,10000,1,531.6791,decode
3,126,off,126,2445372,get_device_info,json,10000,1,244.5372,encode
4,126,off,126,2851099,get_device_info,json,10000,1,285.1099,encode
4,126,off,126,5255451,get_device_info,json,10000,1,525.5451,decode
5,126,off,126,5848084,get_device_info,json,10000,1,584.8084,decode
5,126,off,126,3027509,get_device_info,json,10000,1,302.7509,encode
6,126,off,126,2284264,get_device_info,json,10000,1,228.4264,encode
6,126,off,126,5157025,get_device_info,json,10000,1,515.7025,decode
7,126,off,126,5126651,get_device_info,json,10000,1,512.6651,decode
7,126,off,126,2479963,get_device_info,json,10000,1,247.9963,encode
8,126,off,126,2288752,get_device_info,json,10000,1,228.8752,encode
8,126,off,126,5113782,get_device_info,json,10000,1,511.3782,decode
0,66,on,74,6355170,status_response_fault,csv,10000,12,635.517,encode
0,66,on,74,173876741,status_response_fault,csv,10000,12,17387.6741,decode
1,66,on,74,161637033,status_response_fault,csv,10000,12,16163.7033,decode
1,66,on,74,5729409,status_response_fault,csv,10000,12,572.9409,encode
2,66,on,74,5647599,status_response_fault,csv,10000,12,564.7599,encode
2,66,on,74,161955141,status_response_fault,csv,10000,12,16195.5141,decode
3,66,on,74,159020189,status_response_fault,csv,10000,12,15902.0189,decode
3,66,on,74,5702760,status_response_fault,csv,10000,12,570.276,encode
4,66,on,74,5619366,status_response_fault,csv,10000,12,561.9366,encode
4,66,on,74,172483999,status_response_fault,csv,10000,12,17248.3999,decode
5,66,on,74,177117914,status_response_fault,csv,10000,12,17711.7914,decode
5,66,on,74,5842826,status_response_fault,csv,10000,12,584.2826,encode
6,66,on,74,5673587,status_response_fault,csv,10000,12,567.3587,encode
6,66,on,74,168942538,status_response_fault,csv,10000,12,16894.2538,decode
7,66,on,74,175440944,status_response_fault,csv,10000,12,17544.0944,decode
7,66,on,74,7585933,status_response_fault,csv,10000,12,758.5933,encode
8,66,on,74,9579149,status_response_fault,csv,10000,12,957.9149,encode
8,66,on,74,178403358,status_response_fault,csv,10000,12,17840.3358,decode
0,121,off,121,4284852,get_health,json,10000,3,428.4852,encode
0,121,off,121,6725246,get_health,json,10000,3,672.5246,decode
1,121,off,121,6672999,get_health,json,10000,3,667.2999,decode
1,121,off,121,4286383,get_health,json,10000,3,428.6383,encode
2,121,off,121,2779654,get_health,json,10000,3,277.9654,encode
2,121,off,121,6753367,get_health,json,10000,3,675.3367,decode
3,121,off,121,4580857,get_health,json,10000,3,458.0857,decode
3,121,off,121,2236234,get_health,json,10000,3,223.6234,encode
4,121,off,121,2218718,get_health,json,10000,3,221.8718,encode
4,121,off,121,4639714,get_health,json,10000,3,463.9714,decode
5,121,off,121,4638252,get_health,json,10000,3,463.8252,decode
5,121,off,121,2225788,get_health,json,10000,3,222.5788,encode
6,121,off,121,2291004,get_health,json,10000,3,229.1004,encode
6,121,off,121,5234030,get_health,json,10000,3,523.403,decode
7,121,off,121,4580626,get_health,json,10000,3,458.0626,decode
7,121,off,121,2319406,get_health,json,10000,3,231.9406,encode
8,121,off,121,2273048,get_health,json,10000,3,227.3048,encode
8,121,off,121,4566576,get_health,json,10000,3,456.6576,decode
0,53,on,61,5077989,status_publication_zero,csv,10000,21,507.7989,encode
0,53,on,61,158222153,status_publication_zero,csv,10000,21,15822.2153,decode
1,53,on,61,161558547,status_publication_zero,csv,10000,21,16155.8547,decode
1,53,on,61,5276632,status_publication_zero,csv,10000,21,527.6632,encode
2,53,on,61,5219908,status_publication_zero,csv,10000,21,521.9908,encode
2,53,on,61,156848871,status_publication_zero,csv,10000,21,15684.8871,decode
3,53,on,61,159174005,status_publication_zero,csv,10000,21,15917.4005,decode
3,53,on,61,5521823,status_publication_zero,csv,10000,21,552.1823,encode
4,53,on,61,5411310,status_publication_zero,csv,10000,21,541.131,encode
4,53,on,61,164428684,status_publication_zero,csv,10000,21,16442.8684,decode
5,53,on,61,168580330,status_publication_zero,csv,10000,21,16858.033,decode
5,53,on,61,5753364,status_publication_zero,csv,10000,21,575.3364,encode
6,53,on,61,5869105,status_publication_zero,csv,10000,21,586.9105,encode
6,53,on,61,179499988,status_publication_zero,csv,10000,21,17949.9988,decode
7,53,on,61,205800986,status_publication_zero,csv,10000,21,20580.0986,decode
7,53,on,61,6316904,status_publication_zero,csv,10000,21,631.6904,encode
8,53,on,61,6880684,status_publication_zero,csv,10000,21,688.0684,encode
8,53,on,61,177564692,status_publication_zero,csv,10000,21,17756.4692,decode
0,69,on,77,6487185,status_response_zero,csv,10000,12,648.7185,encode
0,69,on,77,187951841,status_response_zero,csv,10000,12,18795.1841,decode
1,69,on,77,166908547,status_response_zero,csv,10000,12,16690.8547,decode
1,69,on,77,6108446,status_response_zero,csv,10000,12,610.8446,encode
2,69,on,77,6033246,status_response_zero,csv,10000,12,603.3246,encode
2,69,on,77,174322041,status_response_zero,csv,10000,12,17432.2041,decode
3,69,on,77,176797352,status_response_zero,csv,10000,12,17679.7352,decode
3,69,on,77,6727789,status_response_zero,csv,10000,12,672.7789,encode
4,69,on,77,6150089,status_response_zero,csv,10000,12,615.0089,encode
4,69,on,77,201543871,status_response_zero,csv,10000,12,20154.3871,decode
5,69,on,77,173559538,status_response_zero,csv,10000,12,17355.9538,decode
5,69,on,77,6152843,status_response_zero,csv,10000,12,615.2843,encode
6,69,on,77,5664574,status_response_zero,csv,10000,12,566.4574,encode
6,69,on,77,159643706,status_response_zero,csv,10000,12,15964.3706,decode
7,69,on,77,170080859,status_response_zero,csv,10000,12,17008.0859,decode
7,69,on,77,5800003,status_response_zero,csv,10000,12,580.0003,encode
8,69,on,77,5631154,status_response_zero,csv,10000,12,563.1154,encode
8,69,on,77,156230430,status_response_zero,csv,10000,12,15623.043,decode
0,67,off,67,914817,status_response_valid,protobuf,10000,12,91.4817,encode
0,67,off,67,1793111,status_response_valid,protobuf,10000,12,179.3111,decode
1,67,off,67,1795004,status_response_valid,protobuf,10000,12,179.5004,decode
1,67,off,67,921587,status_response_valid,protobuf,10000,12,92.1587,encode
2,67,off,67,923450,status_response_valid,protobuf,10000,12,92.345,encode
2,67,off,67,1773712,status_response_valid,protobuf,10000,12,177.3712,decode
3,67,off,67,1754894,status_response_valid,protobuf,10000,12,175.4894,decode
3,67,off,67,941597,status_response_valid,protobuf,10000,12,94.1597,encode
4,67,off,67,1028595,status_response_valid,protobuf,10000,12,102.8595,encode
4,67,off,67,2033756,status_response_valid,protobuf,10000,12,203.3756,decode
5,67,off,67,1838989,status_response_valid,protobuf,10000,12,183.8989,decode
5,67,off,67,929128,status_response_valid,protobuf,10000,12,92.9128,encode
6,67,off,67,909500,status_response_valid,protobuf,10000,12,90.95,encode
6,67,off,67,1855673,status_response_valid,protobuf,10000,12,185.5673,decode
7,67,off,67,2829988,status_response_valid,protobuf,10000,12,282.9988,decode
7,67,off,67,1011240,status_response_valid,protobuf,10000,12,101.124,encode
8,67,off,67,1113129,status_response_valid,protobuf,10000,12,111.3129,encode
8,67,off,67,1847782,status_response_valid,protobuf,10000,12,184.7782,decode
